{
    "epoch": 1023.0,
    "epoch_time": 0.0707335472106933,
    "train_energy_mae": 3.7430152876364446,
    "train_forces_mae": 0.0720188937476431,
    "train_forces_mse": 0.0138163300054756,
    "train_loss": 0.1666177633212471,
    "val_energy_mae": 2.193696120761888,
    "val_forces_mae": 0.0848791312932911,
    "val_forces_mse": 0.0254763150393076,
    "val_loss": 0.3057708706985865
}