{
    "rmse": 0.00048283502495958565,
    "mae": 0.0003307760349654011,
    "max": 0.002726070366503678,
    "lp4": 8.647787536705393e-06,
    "rrmse": 0.3949955858096902
}