{
    "rmse": 13.103305315217396,
    "mae": 11.552270069024235,
    "max": 18.995266203201027,
    "lp4": 0.7801321518948715,
    "rrmse": 1.9001882031155084
}