{
    "rmse": 0.6466432174057811,
    "mae": 0.5099116409946667,
    "max": 2.370634537580182,
    "lp4": 0.000536324267115698,
    "rrmse": 1.0450878775671835
}