{
    "rmse": 0.0034627676556211974,
    "mae": 0.0025696843642174128,
    "max": 0.011068148799878948,
    "lp4": 0.0002734179483680323,
    "rrmse": 0.6008242419393894
}