{
    "rmse": 0.0020567084399430962,
    "mae": 0.0010536295313518457,
    "max": 0.012376354500587088,
    "lp4": 4.0704480859103114e-05,
    "rrmse": 0.5799539521296571
}