{
    "rmse": 0.00018185348305158245,
    "mse": 3.307068929799218e-08,
    "mae": 0.00013368451470507683,
    "max": 0.0008154079270281996,
    "lp4": 1.5859131258740762e-06,
    "rrmse": 0.10232673197842479
}