{
    "rmse": 0.00017685642318900297,
    "mae": 0.00012909593985240415,
    "max": 0.0008154864126283003,
    "lp4": 1.6961729066511766e-06,
    "rrmse": 0.10924263829129638
}