{
    "rmse": 0.0001818512317820519,
    "mae": 0.00013368115016877146,
    "max": 0.0008155073539984521,
    "lp4": 1.5859160574170225e-06,
    "rrmse": 0.10232546521657897
}