{
    "rmse": 0.0001818570356442751,
    "mse": 3.307198141332315e-08,
    "mae": 0.00013368396592328236,
    "max": 0.0008156297418811138,
    "lp4": 1.585983744410221e-06,
    "rrmse": 0.1023287309789069
}