{
    "rmse": 0.00018166074551930392,
    "mae": 0.00012764374512486926,
    "max": 0.0010649150992912612,
    "lp4": 1.3989716448051668e-06,
    "rrmse": 0.11396031404122606
}