{
    "rmse": 0.00018186262128195562,
    "mae": 0.00013369045051883922,
    "max": 0.0008153789673360232,
    "lp4": 1.5859595105518591e-06,
    "rrmse": 0.10233187394895218
}