{
    "rmse": 1.9730510505250667,
    "mse": 3.8929304479780695,
    "mae": 1.6773920099623778,
    "max": 4.117395131805097,
    "lp4": 0.07296596509106926,
    "rrmse": 0.174099573122702
}