{
    "rmse": 0.7507679560564786,
    "mae": 0.6287613434023163,
    "max": 1.5641638305096421,
    "lp4": 0.0302406384874344,
    "rrmse": 0.16861740449314933
}