{
    "rmse": 0.6481975105394007,
    "mae": 0.5202796791666624,
    "max": 1.5643545653729234,
    "lp4": 0.020085481273761634,
    "rrmse": 3.507218722759829e-05
}