{
    "rmse": 0.7497884294924453,
    "mae": 0.6374255304708467,
    "max": 1.564736035099486,
    "lp4": 0.027728258376442452,
    "rrmse": 0.17410631416739605
}