{
    "rmse": 0.7497593991994013,
    "mae": 0.6374089637855789,
    "max": 1.5646101500897203,
    "lp4": 0.02772706673460696,
    "rrmse": 0.17409957312269295
}