{
    "rmse": 0.7497759564918537,
    "mae": 0.6374204442078258,
    "max": 1.5643469359783921,
    "lp4": 0.027727510444640578,
    "rrmse": 0.17410341784614838
}