{
    "rmse": 1.9730627652374084,
    "mse": 3.8929766755662887,
    "mae": 1.6773807284014766,
    "max": 4.117555750650354,
    "lp4": 0.07296719864892774,
    "rrmse": 0.17410060681436315
}