{
    "rmse": 106.56173427309243,
    "mse": 11355.403211289162,
    "mae": 43.86459446272061,
    "max": 7689.746239080538,
    "lp4": 0.2354732425854551,
    "rrmse": 0.14295840400997292
}