{
    "rmse": 0.10910764224326404,
    "mae": 0.043692501772361746,
    "max": 7.6897544712448305,
    "lp4": 0.00026022459049771494,
    "rrmse": 0.1483133750848238
}