{
    "rmse": 0.10656173427309244,
    "mae": 0.04386459446272062,
    "max": 7.689746239080538,
    "lp4": 0.0002354732425854551,
    "rrmse": 0.14295840400997292
}