{
    "rmse": 0.10708865782968066,
    "mae": 0.04446312077405261,
    "max": 7.6897608722999955,
    "lp4": 0.00023314935007998872,
    "rrmse": 0.142572176716135
}