{
    "rmse": 0.10656150693576585,
    "mae": 0.043863913383253066,
    "max": 7.689762710357312,
    "lp4": 0.0002354733205408798,
    "rrmse": 0.1429580990244957
}