{
    "rmse": 0.10656141884455647,
    "mae": 0.04386405258935512,
    "max": 7.689763052516556,
    "lp4": 0.0002354735202260195,
    "rrmse": 0.14295798084531264
}