{
    "rmse": 106.56148827494496,
    "mse": 11355.350783371232,
    "mae": 43.86397268428784,
    "max": 7689.7486296610205,
    "lp4": 0.23547335573749048,
    "rrmse": 0.14295807398998223
}