{
    "rmse": 0.0014154626141795533,
    "mse": 2.003534412140015e-06,
    "mae": 0.0013639313816079604,
    "max": 0.0029958472372162543,
    "lp4": 4.643767554844056e-05,
    "rrmse": 0.16254031345833234
}