{
    "rmse": 0.0014154601020721113,
    "mse": 2.0035273005579917e-06,
    "mae": 0.0013639253051707597,
    "max": 0.0029959940368070952,
    "lp4": 4.6438072954718647e-05,
    "rrmse": 0.16254002498816933
}