{
    "rmse": 0.0014437177749038795,
    "mae": 0.0013958174186019011,
    "max": 0.0029959200338800893,
    "lp4": 5.084487841896973e-05,
    "rrmse": 0.164693509112628
}