{
    "rmse": 0.0014154747949904907,
    "mae": 0.0013639362879699348,
    "max": 0.0029958841206278414,
    "lp4": 4.643884445292779e-05,
    "rrmse": 0.16254171220444413
}