{
    "rmse": 0.0014154781567013103,
    "mae": 0.0013639393594347847,
    "max": 0.002995950748382216,
    "lp4": 4.6438857288081885e-05,
    "rrmse": 0.1625420982362085
}