{
    "rmse": 0.0012163270897734366,
    "mae": 0.001073154600875387,
    "max": 0.0029959988800540714,
    "lp4": 3.363528305237526e-05,
    "rrmse": 0.16053959543880775
}