{
    "rmse": 0.0008372063156311315,
    "mse": 7.009144149326538e-07,
    "mae": 0.0005374169726675304,
    "max": 0.003082066721315531,
    "lp4": 6.920428945726031e-06,
    "rrmse": 0.14891583716698967
}