{
    "rmse": 0.0008372158093570228,
    "mae": 0.000537423604465211,
    "max": 0.0030819756875030556,
    "lp4": 6.920553322005328e-06,
    "rrmse": 0.14891752583812431
}