{
    "rmse": 0.0008520867711767059,
    "mae": 0.0005459836443849559,
    "max": 0.003082020812520915,
    "lp4": 7.5637078041540575e-06,
    "rrmse": 0.1543949109698846
}