{
    "rmse": 0.0007253627756060194,
    "mae": 0.00043722213941991574,
    "max": 0.003082042411989717,
    "lp4": 5.0181877600734015e-06,
    "rrmse": 0.1499392915106009
}