{
    "rmse": 0.0008372152299141257,
    "mae": 0.0005374194777661095,
    "max": 0.003081955888537813,
    "lp4": 6.9205240725909725e-06,
    "rrmse": 0.1489174227712667
}