{
    "rmse": 0.0008372069596847985,
    "mse": 7.009154933446638e-07,
    "mae": 0.0005374180767711179,
    "max": 0.003081912963878259,
    "lp4": 6.920373404734279e-06,
    "rrmse": 0.1489159517263154
}