{
    "epoch": 2047.0,
    "epoch_time": 2.6717302799224854,
    "train_energy_mae": 0.5725708949739783,
    "train_forces_mae": 0.0371125968805244,
    "train_loss": 0.0669380375999585,
    "train_stress_mae": 6.81759108508198,
    "val_energy_mae": 0.427529904816442,
    "val_forces_mae": 0.0421018470695159,
    "val_loss": 0.1031412530736709,
    "val_stress_mae": 6.736566340342998
}