{
    "rmse": 0.00015972142497932504,
    "mae": 9.4508978068461e-05,
    "max": 0.001038109166311744,
    "lp4": 3.1619754302363095e-06,
    "rrmse": 0.13066421151064528
}