{
    "rmse": 9.315015620423697,
    "mae": 8.369642882499901,
    "max": 13.624550213105977,
    "lp4": 0.5505884342695804,
    "rrmse": 1.3508257930317586
}