{
    "rmse": 0.1360343149382491,
    "mae": 0.07858001252141417,
    "max": 1.398240883443124,
    "lp4": 0.00016597493007078427,
    "rrmse": 0.21985510656938892
}