{
    "rmse": 0.0031274015984955636,
    "mae": 0.0022477323993595633,
    "max": 0.012223015251775382,
    "lp4": 0.00027726481786834406,
    "rrmse": 0.5426349329577089
}