{
    "rmse": 0.001812656757273228,
    "mae": 0.0007968220918522449,
    "max": 0.012772136539349593,
    "lp4": 4.0662742126486665e-05,
    "rrmse": 0.5111358663283467
}