{
    "rmse": 0.00018026482219242525,
    "mae": 0.00012312689747775437,
    "max": 0.0008922083475034045,
    "lp4": 1.3328510054449077e-06,
    "rrmse": 0.11308461654117553
}