{
    "rmse": 0.00020005957577357938,
    "mae": 0.00014526790886901613,
    "max": 0.0009260596610975143,
    "lp4": 1.8014042432850167e-06,
    "rrmse": 0.11257107780604748
}