{
    "rmse": 0.00020788606670654137,
    "mse": 4.321661673071657e-08,
    "mae": 0.0001536267418640385,
    "max": 0.0008922734455313437,
    "lp4": 1.8368829286386159e-06,
    "rrmse": 0.11697494858481948
}