{
    "rmse": 0.00020788560505151992,
    "mae": 0.000153628724190962,
    "max": 0.0008922621686422399,
    "lp4": 1.836875936204927e-06,
    "rrmse": 0.11697468881718207
}