{
    "rmse": 3.175773750347562,
    "mse": 10.085538913396618,
    "mae": 3.0585985592084137,
    "max": 5.067956136175781,
    "lp4": 0.10301268244883988,
    "rrmse": 0.28022632973569306
}