{
    "rmse": 1.772730131396963,
    "mae": 1.7339965017390482,
    "max": 2.5355213742150227,
    "lp4": 0.05611291760812911,
    "rrmse": 0.4116408003254188
}