{
    "rmse": 1.2068038941048902,
    "mae": 1.1622730837186932,
    "max": 1.9260827311591129,
    "lp4": 0.03914534372734989,
    "rrmse": 0.2802286213828271
}