{
    "rmse": 3.175799721329436,
    "mse": 10.085703869996125,
    "mae": 3.0586133782076925,
    "max": 5.068638766213553,
    "lp4": 0.10301406244042177,
    "rrmse": 0.2802286213828639
}