{
    "rmse": 1.0277959177338185,
    "mae": 0.8564616126940736,
    "max": 1.925644040973566,
    "lp4": 0.028347109956022517,
    "rrmse": 5.56112145949542e-05
}