{
    "rmse": 0.10656587500661643,
    "mae": 0.044084553288668095,
    "max": 7.626920927491311,
    "lp4": 0.0002345049477341081,
    "rrmse": 0.14296395903082593
}