{
    "rmse": 107.08831982084227,
    "mse": 11467.908242051,
    "mae": 44.46923146196689,
    "max": 7667.821270652581,
    "lp4": 0.23495311749476494,
    "rrmse": 0.1436648473687879
}