{
    "rmse": 107.08829256603812,
    "mse": 11467.902404709375,
    "mae": 44.46888837776728,
    "max": 7667.86435091724,
    "lp4": 0.23495410439934722,
    "rrmse": 0.14366481080497512
}