{
    "rmse": 0.10708829256603812,
    "mae": 0.04446888837776728,
    "max": 7.667864350917241,
    "lp4": 0.0002349541043993472,
    "rrmse": 0.14366481080497512
}