{
    "rmse": 0.10673063329406132,
    "mae": 0.04429222918158405,
    "max": 7.667814335832353,
    "lp4": 0.0002326222329346062,
    "rrmse": 0.1420955217799772
}