{
    "rmse": 0.0004848733549332989,
    "mse": 2.3510217032427282e-07,
    "mae": 0.0003956264365341064,
    "max": 0.0019143251750811424,
    "lp4": 2.1904668069794068e-05,
    "rrmse": 0.05567894645111008
}