{
    "rmse": 0.0004190232970290045,
    "mae": 0.00031852282227376943,
    "max": 0.0018285958020267125,
    "lp4": 2.039471079757496e-05,
    "rrmse": 0.04811725676337693
}