{
    "rmse": 0.0004138126211312649,
    "mae": 0.00029956307457577094,
    "max": 0.0019143033628382191,
    "lp4": 1.5862230934730003e-05,
    "rrmse": 0.05461796530097865
}