{
    "rmse": 0.0004848449053013471,
    "mae": 0.00039560665938078614,
    "max": 0.0019143840237043287,
    "lp4": 2.1904310378488324e-05,
    "rrmse": 0.055675679524771725
}