{
    "rmse": 0.00029929199998648357,
    "mae": 0.00018621955736774083,
    "max": 0.0021231621187226385,
    "lp4": 2.5280024970293787e-06,
    "rrmse": 0.061866464535999706
}