{
    "rmse": 0.00034867552086889316,
    "mse": 1.2157461885319394e-07,
    "mae": 0.00023957116587333303,
    "max": 0.002123197301155954,
    "lp4": 3.4898951139964955e-06,
    "rrmse": 0.06201972694231863
}