{
    "rmse": 0.0003486889829616179,
    "mse": 1.2158400683880747e-07,
    "mae": 0.00023957667496019768,
    "max": 0.0021230915723426595,
    "lp4": 3.4899660099431495e-06,
    "rrmse": 0.06202212147610403
}