{
    "rmse": 0.0003139278181520772,
    "mae": 0.00021040000457638313,
    "max": 0.0021224071715220867,
    "lp4": 3.265364134792808e-06,
    "rrmse": 0.055839072134664054
}