{
    "rmse": 0.025197904697911243,
    "mae": 0.011335609326499858,
    "max": 0.5419173047076578,
    "lp4": 5.7358754964844854e-05,
    "rrmse": 0.39966940305380916
}