{
    "rmse": 0.02709592875544544,
    "mae": 0.011688049771159139,
    "max": 0.4067132122296111,
    "lp4": 5.7655035842728257e-05,
    "rrmse": 0.3974816295267158
}