{
    "rmse": 0.1185761305700885,
    "mae": 0.0635261423478573,
    "max": 3.951975302053141,
    "lp4": 0.0003327785829312947,
    "rrmse": 0.19515488815515025
}