{
    "all": {
        "vib": 0.0014830267024800417,
        "rot": 0.013052539608372679,
        "trans": 0.016154424575398597
    },
    "trans": {
        "vib": 0.002142403651067222,
        "rot": 0.010640705821943847,
        "trans": 0.02966423901767803
    },
    "rot": {
        "vib": 0.0015528811194869398,
        "rot": 0.026308756902906003,
        "trans": 0.017510847809186308
    },
    "vib": {
        "vib": 0.0030013212472464884,
        "rot": 0.018153362888621506,
        "trans": 0.01466815671466876
    }
}