{
    "rmse": 0.0002649019778055584,
    "mae": 0.00017036347635094419,
    "max": 0.0017647259590697541,
    "lp4": 3.485351741398493e-06,
    "rrmse": 0.1739351699617681
}