{
    "rmse": 5.908624228211991,
    "mae": 1.5121746054169307,
    "max": 40.66498920756567,
    "lp4": 0.5440667323595696,
    "rrmse": 0.5933847749871489
}