{
    "rmse": 0.14364838545596273,
    "mae": 0.05504536809311379,
    "max": 7.622144175325052,
    "lp4": 0.0003134471093399603,
    "rrmse": 0.19185263409422793
}