{
    "rmse": 0.0018948962313136354,
    "mae": 0.0018276884077266576,
    "max": 0.0042139713803242065,
    "lp4": 7.74482876459884e-05,
    "rrmse": 0.26354838458351293
}