{
    "rmse": 0.0011256332885658201,
    "mae": 0.0007178151366634235,
    "max": 0.0049547409602800005,
    "lp4": 1.1652340379601486e-05,
    "rrmse": 0.25037485358378525
}