{
    "epoch": 2047.0,
    "epoch_time": 2.0586791038513184,
    "train_energy_mae": 1.2532529306698053,
    "train_forces_mae": 0.039863807308128,
    "train_loss": 0.081781151211843,
    "train_stress_mae": 9.913589378353846,
    "val_energy_mae": 0.5444517135555061,
    "val_forces_mae": 0.0474213022806953,
    "val_loss": 0.1598831713896163,
    "val_stress_mae": 9.87163260082185
}