{
    "rmse": 33.60535705007486,
    "mse": 1129.3200224630161,
    "mae": 12.410548752354153,
    "max": 3050.134932639121,
    "lp4": 0.09544401578567678,
    "rrmse": 0.5922575305673393
}