{
    "rmse": 33.60538475081349,
    "mse": 1129.3218842502079,
    "mae": 12.410599016083783,
    "max": 3050.1291389756693,
    "lp4": 0.09544387500233681,
    "rrmse": 0.5922580187624515
}