{
    "rmse": 0.03360537804681345,
    "mae": 0.012410615673774626,
    "max": 3.050125049163261,
    "lp4": 9.5443871922603e-05,
    "rrmse": 0.5922579006118095
}