{
    "rmse": 0.0336053847508135,
    "mae": 0.012410599016083783,
    "max": 3.0501291389756693,
    "lp4": 9.544387500233682e-05,
    "rrmse": 0.5922580187624517
}