{
    "rmse": 0.03355642868189836,
    "mae": 0.012380064048260864,
    "max": 3.0501229930092317,
    "lp4": 9.450312283742998e-05,
    "rrmse": 0.5936152443754048
}