{
    "rmse": 0.03629911721463199,
    "mae": 0.013288751432670508,
    "max": 3.010577271430463,
    "lp4": 9.315286101588495e-05,
    "rrmse": 0.6189979029761217
}