{
    "rmse": 0.036299111288454845,
    "mae": 0.013288759876390043,
    "max": 3.010550182093907,
    "lp4": 9.315256969111446e-05,
    "rrmse": 0.6189978019188093
}