{
    "rmse": 0.03624756815817869,
    "mae": 0.013267420011620696,
    "max": 3.0105505811705746,
    "lp4": 9.223433298848281e-05,
    "rrmse": 0.6203574749591276
}