{
    "rmse": 36.29908429738656,
    "mse": 1317.6235208287756,
    "mae": 13.28872956706854,
    "max": 3010.556121052902,
    "lp4": 0.09315263073820834,
    "rrmse": 0.6189973416482587
}