{
    "rmse": 36.299111288454846,
    "mse": 1317.62548033163,
    "mae": 13.288759876390044,
    "max": 3010.550182093907,
    "lp4": 0.09315256969111446,
    "rrmse": 0.6189978019188093
}