{
    "rmse": 0.08116806247092255,
    "mae": 0.045197348827962766,
    "max": 3.489694027624589,
    "lp4": 0.00012573069302612347,
    "rrmse": 0.12002092391553078
}