{
    "rmse": 81.16806247092255,
    "mse": 6588.254365283585,
    "mae": 45.19734882796276,
    "max": 3489.694027624589,
    "lp4": 0.12573069302612347,
    "rrmse": 0.12002092391553076
}