{
    "rmse": 81.16766981611788,
    "mse": 6588.190623378334,
    "mae": 45.1971769439608,
    "max": 3489.6981260518473,
    "lp4": 0.12573052385269418,
    "rrmse": 0.1200203433079494
}