{
    "rmse": 0.08116780798215717,
    "mae": 0.04519722975218862,
    "max": 3.489718147062682,
    "lp4": 0.0001257316612562416,
    "rrmse": 0.12002054761017353
}