{
    "rmse": 0.08226394123250713,
    "mae": 0.045632996298423,
    "max": 3.489743165368859,
    "lp4": 0.0001250614850750917,
    "rrmse": 0.12094333366548252
}