{
    "all": {
        "vib": 1.1849806434170073e-06,
        "rot": 1.1149692425880526e-05,
        "trans": 1.6173391036178016e-05
    },
    "trans": {
        "vib": 2.616847123482763e-06,
        "rot": 8.396385847628298e-06,
        "trans": 2.4799384659396062e-05
    },
    "rot": {
        "vib": 1.870201197425629e-06,
        "rot": 1.671882397161641e-05,
        "trans": 2.4009351694652157e-05
    },
    "vib": {
        "vib": 3.985578235713247e-06,
        "rot": 9.511323503847655e-06,
        "trans": 1.2602226731251492e-05
    }
}