{
    "all": {
        "vib": 0.001189651974921855,
        "rot": 0.011149692425880521,
        "trans": 0.016186824085211417
    },
    "trans": {
        "vib": 0.0026218221180140957,
        "rot": 0.008396385847628338,
        "trans": 0.024799384659396084
    },
    "rot": {
        "vib": 0.0018508709524909987,
        "rot": 0.016718823971616354,
        "trans": 0.024043311173710995
    },
    "vib": {
        "vib": 0.003994004405344776,
        "rot": 0.0095299184667095,
        "trans": 0.012591123447787799
    }
}