{
    "all": {
        "vib": 0.0011849806434170124,
        "rot": 0.011149692425880521,
        "trans": 0.016173391036178045
    },
    "trans": {
        "vib": 0.002616847123482755,
        "rot": 0.008396385847628338,
        "trans": 0.024799384659396084
    },
    "rot": {
        "vib": 0.0018702011974256307,
        "rot": 0.016718823971616354,
        "trans": 0.024009351694652063
    },
    "vib": {
        "vib": 0.003985578235713252,
        "rot": 0.009511323503847653,
        "trans": 0.01260222673125145
    }
}