{
    "all": {
        "vib": 1.1896519749218525e-06,
        "rot": 1.1138718319162123e-05,
        "trans": 1.618682408521143e-05
    },
    "trans": {
        "vib": 2.616847123482763e-06,
        "rot": 8.386876916883543e-06,
        "trans": 2.4799384659396076e-05
    },
    "rot": {
        "vib": 1.8605360749583104e-06,
        "rot": 1.6732296029611226e-05,
        "trans": 2.404331117371103e-05
    },
    "vib": {
        "vib": 3.985578235713248e-06,
        "rot": 9.529918466709537e-06,
        "trans": 1.2591123447787817e-05
    }
}