{
    "all": {
        "vib": 0.0012332515641677016,
        "rot": 0.011223733607437074,
        "trans": 0.01639855293746942
    },
    "trans": {
        "vib": 0.002759159125858046,
        "rot": 0.007855886898322204,
        "trans": 0.023622520888925164
    },
    "rot": {
        "vib": 0.0018612075971148423,
        "rot": 0.016185498518729628,
        "trans": 0.022241225716107038
    },
    "vib": {
        "vib": 0.004104527315201503,
        "rot": 0.009849562648410793,
        "trans": 0.013114741071179468
    }
}