{
    "epoch": 4095.0,
    "epoch_time": 0.2060248851776123,
    "train_energy_mae": 1.5820004553351434,
    "train_forces_mae": 0.056274623076477,
    "train_forces_mse": 0.0094725901216986,
    "train_loss": 0.1139961507773484,
    "val_energy_mae": 0.6476121201128535,
    "val_forces_mae": 0.0574813359850537,
    "val_forces_mse": 0.0121133240692132,
    "val_loss": 0.1453662944510833
}