{
    "rmse": 0.03271618012621866,
    "mae": 0.011690435979626861,
    "max": 3.0576993513483295,
    "lp4": 9.442163513505133e-05,
    "rrmse": 0.5787511968200417
}