{
    "rmse": 32.75791891083263,
    "mse": 1073.081251368686,
    "mae": 11.714155610091476,
    "max": 3057.700215871298,
    "lp4": 0.09536124459268985,
    "rrmse": 0.5773223635667831
}