{
    "rmse": 0.03275783251808026,
    "mae": 0.011714112054300037,
    "max": 3.057692320096294,
    "lp4": 9.536085248519102e-05,
    "rrmse": 0.577320840989353
}