{
    "rmse": 0.03275789794500021,
    "mae": 0.01171410783583181,
    "max": 3.057699431016893,
    "lp4": 9.536121898134836e-05,
    "rrmse": 0.5773219940670002
}