{
    "rmse": 32.757832518080264,
    "mse": 1073.0755912825966,
    "mae": 11.714112054300035,
    "max": 3057.6923200962947,
    "lp4": 0.09536085248519102,
    "rrmse": 0.577320840989353
}