{
    "rmse": 0.035561420973594667,
    "mae": 0.012758434576376244,
    "max": 3.0065054407917757,
    "lp4": 9.324401607067656e-05,
    "rrmse": 0.6064181913667328
}