{
    "rmse": 0.03551630303437075,
    "mae": 0.012742432077694552,
    "max": 3.0065063326225396,
    "lp4": 9.232502941085337e-05,
    "rrmse": 0.6078422688699486
}