{
    "rmse": 0.03556144331157483,
    "mae": 0.012758439723480546,
    "max": 3.006491566093587,
    "lp4": 9.324382535327694e-05,
    "rrmse": 0.6064185722895744
}