{
    "rmse": 35.561472337008986,
    "mse": 1264.6183147758554,
    "mae": 12.758472414999655,
    "max": 3006.4975042885926,
    "lp4": 0.09324390308161146,
    "rrmse": 0.606419067251553
}