{
    "rmse": 35.561420973594664,
    "mse": 1264.6146616612186,
    "mae": 12.758434576376244,
    "max": 3006.505440791776,
    "lp4": 0.09324401607067656,
    "rrmse": 0.6064181913667328
}