{
    "rmse": 0.07568826633286886,
    "mae": 0.03954782488534068,
    "max": 3.4858420439836033,
    "lp4": 0.00012573761359297052,
    "rrmse": 0.11191810397211313
}