{
    "rmse": 75.68853741038936,
    "mse": 5728.75469532391,
    "mae": 39.54806917017371,
    "max": 3485.846434421569,
    "lp4": 0.1257380329535206,
    "rrmse": 0.11191850480679456
}