{
    "rmse": 0.07646897000995795,
    "mae": 0.03989056053498717,
    "max": 3.4858572529059333,
    "lp4": 0.00012494637885129871,
    "rrmse": 0.1124236453591595
}