{
    "rmse": 0.07568853741038935,
    "mae": 0.03954806917017369,
    "max": 3.485846434421569,
    "lp4": 0.00012573803295352063,
    "rrmse": 0.11191850480679455
}