{
    "rmse": 75.68838708755155,
    "mse": 5728.731939915039,
    "mae": 39.547957887334825,
    "max": 3485.8527247562133,
    "lp4": 0.1257376281278229,
    "rrmse": 0.11191828252865546
}