{
    "all": {
        "vib": 0.001179848852092323,
        "rot": 0.010480271916058954,
        "trans": 0.015394274192242523
    },
    "trans": {
        "vib": 0.002741221986766155,
        "rot": 0.007245805227511658,
        "trans": 0.02443631165442104
    },
    "rot": {
        "vib": 0.0019796793784718305,
        "rot": 0.015614115216038178,
        "trans": 0.025639406689479935
    },
    "vib": {
        "vib": 0.0033582067293637333,
        "rot": 0.008358435806411558,
        "trans": 0.012713259565888046
    }
}