{
    "all": {
        "vib": 0.0011912572282459014,
        "rot": 0.010582687835085872,
        "trans": 0.015627169263200753
    },
    "trans": {
        "vib": 0.0028865214548401638,
        "rot": 0.006729585905342924,
        "trans": 0.023243976683755455
    },
    "rot": {
        "vib": 0.0019743724966873565,
        "rot": 0.015203445220758317,
        "trans": 0.023871912711165497
    },
    "vib": {
        "vib": 0.003441594801837476,
        "rot": 0.008680502408833068,
        "trans": 0.013235664920117397
    }
}