{
    "all": {
        "vib": 1.1751775205875607e-06,
        "rot": 1.0480271916058959e-05,
        "trans": 1.5394274192242565e-05
    },
    "trans": {
        "vib": 2.7262970031721458e-06,
        "rot": 7.2553141582563746e-06,
        "trans": 2.4436311654421015e-05
    },
    "rot": {
        "vib": 1.9941774255323793e-06,
        "rot": 1.561411521603819e-05,
        "trans": 2.567336616853893e-05
    },
    "vib": {
        "vib": 3.3750594910017743e-06,
        "rot": 8.358435806411561e-06,
        "trans": 1.2724362849351726e-05
    }
}