{
    "all": {
        "vib": 0.001175177520587479,
        "rot": 0.010502220129495733,
        "trans": 0.015394274192242523
    },
    "trans": {
        "vib": 0.0027362469922348163,
        "rot": 0.00725531415825641,
        "trans": 0.024420203340871652
    },
    "rot": {
        "vib": 0.0019893447431788645,
        "rot": 0.015614115216038178,
        "trans": 0.025656386429009394
    },
    "vib": {
        "vib": 0.00336663311018275,
        "rot": 0.008358435806411558,
        "trans": 0.012735466132815378
    }
}