{
    "all": {
        "vib": 1.179848852092405e-06,
        "rot": 1.0480271916058959e-05,
        "trans": 1.5394274192242562e-05
    },
    "trans": {
        "vib": 2.741221986766159e-06,
        "rot": 7.245805227511617e-06,
        "trans": 2.4436311654421015e-05
    },
    "rot": {
        "vib": 1.9796793784718327e-06,
        "rot": 1.5614115216038194e-05,
        "trans": 2.5639406689480015e-05
    },
    "vib": {
        "vib": 3.3582067293637393e-06,
        "rot": 8.358435806411561e-06,
        "trans": 1.2713259565888052e-05
    }
}