{
    "rmse": 0.0002890536922980836,
    "mae": 0.0002157748909019929,
    "max": 0.0013021502283008593,
    "lp4": 2.507987569719439e-06,
    "rrmse": 0.16264697933099442
}