{
    "rmse": 0.00028904862107984497,
    "mae": 0.00021577139290921075,
    "max": 0.001301683099565444,
    "lp4": 2.5079653326929094e-06,
    "rrmse": 0.16264412581848092
}