{
    "rmse": 0.00031722930021592946,
    "mae": 0.00023307152808856523,
    "max": 0.001912805201304066,
    "lp4": 2.300819353538333e-06,
    "rrmse": 0.19900584780900896
}