{
    "rmse": 0.0002736014078989983,
    "mae": 0.00020527663021016,
    "max": 0.0012572458638638179,
    "lp4": 2.5729501747639492e-06,
    "rrmse": 0.16900115415744893
}