{
    "rmse": 0.0002890534289453154,
    "mse": 8.35518847850445e-08,
    "mae": 0.00021577274709042984,
    "max": 0.0013018634816265168,
    "lp4": 2.507974058682032e-06,
    "rrmse": 0.16264683114561093
}