{
    "rmse": 0.00028904357038246555,
    "mae": 0.00021576473020497184,
    "max": 0.001301443248066754,
    "lp4": 2.5078535423601215e-06,
    "rrmse": 0.16264128385280407
}