{
    "rmse": 3.4305498902407185,
    "mae": 2.6262790433969627,
    "max": 8.420818222839443,
    "lp4": 0.14411402425626424,
    "rrmse": 0.796598578296939
}