{
    "rmse": 3.43055433443165,
    "mae": 2.626289179592554,
    "max": 8.420787705261318,
    "lp4": 0.14411381377617735,
    "rrmse": 0.7965996102703226
}