{
    "rmse": 2.935451494292187,
    "mae": 2.050416588404637,
    "max": 8.420623673278897,
    "lp4": 0.10436359385571498,
    "rrmse": 0.00015882921907502573
}