{
    "rmse": 9.027802572515379,
    "mse": 81.5012192883153,
    "mae": 6.911301560078088,
    "max": 22.159616291726707,
    "lp4": 0.379249861105355,
    "rrmse": 0.7966020816809019
}