{
    "rmse": 3.2681763588899386,
    "mae": 2.4330805124676678,
    "max": 8.420474900085537,
    "lp4": 0.15376683494492857,
    "rrmse": 0.7340103032053713
}