{
    "rmse": 3.430551831965596,
    "mae": 2.626275483012848,
    "max": 8.420711411316006,
    "lp4": 0.14411387586729354,
    "rrmse": 0.7965990291795457
}