{
    "rmse": 9.027767978857451,
    "mse": 81.50059468008395,
    "mae": 6.911251271086595,
    "max": 22.159766871889587,
    "lp4": 0.3792470417560591,
    "rrmse": 0.79659902917951
}