{
    "rmse": 0.1306548787245791,
    "mae": 0.07030486073885396,
    "max": 7.667827099555545,
    "lp4": 0.0002354629805424257,
    "rrmse": 0.17528067712106266
}