{
    "rmse": 0.13065526847366402,
    "mae": 0.07030500788624545,
    "max": 7.66785975342117,
    "lp4": 0.00023546368791197317,
    "rrmse": 0.17528119999081068
}