{
    "rmse": 130.65464792445115,
    "mse": 17070.63702426229,
    "mae": 70.3045489871679,
    "max": 7667.828840830537,
    "lp4": 0.23546316975146284,
    "rrmse": 0.17528036749004774
}