{
    "rmse": 0.1306552128301648,
    "mae": 0.07030481343492956,
    "max": 7.667835345631417,
    "lp4": 0.00023546331607019562,
    "rrmse": 0.17528112534200826
}