{
    "rmse": 0.1375801935883225,
    "mae": 0.07192614117698895,
    "max": 7.667873602091133,
    "lp4": 0.0002343307733485587,
    "rrmse": 0.18316699518366605
}