{
    "rmse": 130.65521283016477,
    "mse": 17070.784639695652,
    "mae": 70.30481343492957,
    "max": 7667.835345631417,
    "lp4": 0.23546331607019563,
    "rrmse": 0.17528112534200826
}