{
    "rmse": 0.13050207698507704,
    "mae": 0.06837766937577257,
    "max": 7.667852555892413,
    "lp4": 0.00026014416826885585,
    "rrmse": 0.17739548848542014
}