{
    "rmse": 0.005886880752211316,
    "mse": 3.465536499075607e-05,
    "mae": 0.004621412741273009,
    "max": 0.014798292827198703,
    "lp4": 0.0002506368317628419,
    "rrmse": 0.676001918504131
}