{
    "rmse": 0.005886909316562917,
    "mae": 0.004621431886698447,
    "max": 0.014798796989660974,
    "lp4": 0.0002506381252873847,
    "rrmse": 0.6760051986039488
}