{
    "rmse": 0.005886838170454407,
    "mse": 3.4654863645118986e-05,
    "mae": 0.004621385464870626,
    "max": 0.014798485212057656,
    "lp4": 0.00025063516119135483,
    "rrmse": 0.6759970287585126
}