{
    "rmse": 0.005886911009365459,
    "mae": 0.004621421147503223,
    "max": 0.014798408326237515,
    "lp4": 0.0002506390593611009,
    "rrmse": 0.6760053929917433
}