{
    "rmse": 0.005023765247356508,
    "mae": 0.0034904801494666867,
    "max": 0.01479833120724814,
    "lp4": 0.00018149964789297257,
    "rrmse": 0.6630726612694154
}