{
    "rmse": 0.005616606741760984,
    "mae": 0.0042957498773888375,
    "max": 0.014798810903976709,
    "lp4": 0.0002687677821725436,
    "rrmse": 0.6407198759243972
}