{
    "rmse": 0.003411036976063264,
    "mse": 1.1635173252070816e-05,
    "mae": 0.0016755194486848455,
    "max": 0.015489093254628234,
    "lp4": 3.676880479749125e-05,
    "rrmse": 0.6067290910426207
}