{
    "rmse": 0.003411061449906329,
    "mse": 1.1635340215037069e-05,
    "mae": 0.0016755297595176324,
    "max": 0.01548936643515329,
    "lp4": 3.676903648402034e-05,
    "rrmse": 0.606733444262085
}