{
    "rmse": 0.0029177685850259763,
    "mae": 0.00131145916147373,
    "max": 0.015489128166639322,
    "lp4": 2.662826560426349e-05,
    "rrmse": 0.6031301427967195
}