{
    "rmse": 0.003254271269311963,
    "mae": 0.0015619270784517883,
    "max": 0.015489543963837813,
    "lp4": 3.941503606793552e-05,
    "rrmse": 0.5896616869235225
}