{
    "rmse": 0.0034110784486353052,
    "mae": 0.0016755320498817038,
    "max": 0.01548974082219096,
    "lp4": 3.676936097538537e-05,
    "rrmse": 0.606736467865597
}