{
    "rmse": 0.0034110770468271743,
    "mae": 0.0016755310872391914,
    "max": 0.015488990468086928,
    "lp4": 3.676921706775675e-05,
    "rrmse": 0.6067362185227201
}