{
    "rmse": 0.00033720370643232735,
    "mae": 0.00025046080522354115,
    "max": 0.0018573389332600665,
    "lp4": 3.0365721332810234e-06,
    "rrmse": 0.18974040370975423
}