{
    "rmse": 0.0003499315330572743,
    "mae": 0.00024985517467291356,
    "max": 0.002327584161187703,
    "lp4": 2.7799539577058197e-06,
    "rrmse": 0.21952077366046618
}