{
    "rmse": 0.0003372108514643687,
    "mae": 0.0002504678990761806,
    "max": 0.0018570981211463097,
    "lp4": 3.0365661446115966e-06,
    "rrmse": 0.18974442413194464
}