{
    "rmse": 0.00031823018745565735,
    "mae": 0.00023792046704707712,
    "max": 0.0015618380434280592,
    "lp4": 3.0515288615351956e-06,
    "rrmse": 0.1965679540201822
}