{
    "rmse": 0.0003372099226224858,
    "mae": 0.00025046000610150313,
    "max": 0.001857277493402764,
    "lp4": 3.0366027616768196e-06,
    "rrmse": 0.18974390148397108
}