{
    "rmse": 0.00033721172511591514,
    "mse": 1.1371174755565151e-07,
    "mae": 0.0002504609451737799,
    "max": 0.0018572782745929182,
    "lp4": 3.0366571830953004e-06,
    "rrmse": 0.18974491572499055
}