{
    "rmse": 6.848191428682093,
    "mse": 46.89772584387489,
    "mae": 4.505168649018604,
    "max": 16.869055750168627,
    "lp4": 0.2993280819181869,
    "rrmse": 0.6042759025818485
}