{
    "rmse": 2.22801824518768,
    "mae": 1.3508398286965106,
    "max": 6.410389958255109,
    "lp4": 0.08237276653863375,
    "rrmse": 0.00012055194870572938
}