{
    "rmse": 2.3484995945002,
    "mae": 1.450245793857673,
    "max": 6.409924565188703,
    "lp4": 0.11834277392603441,
    "rrmse": 0.5274571229143501
}