{
    "rmse": 2.602330414537131,
    "mae": 1.712003686817687,
    "max": 6.410031376712141,
    "lp4": 0.11374480519595678,
    "rrmse": 0.6042800060644801
}