{
    "rmse": 6.848237932992429,
    "mse": 46.89836278687642,
    "mae": 4.505272860046465,
    "max": 16.868503622928984,
    "lp4": 0.2993284347261939,
    "rrmse": 0.6042800060644096
}