{
    "rmse": 2.6023216997879017,
    "mae": 1.7119653581927803,
    "max": 6.410397587649641,
    "lp4": 0.1137456131982279,
    "rrmse": 0.6042779824364705
}