{
    "rmse": 2.6023319367241182,
    "mae": 1.711994822187851,
    "max": 6.409916935794172,
    "lp4": 0.11374524337361418,
    "rrmse": 0.6042803595273442
}