{
    "rmse": 140.80449150189614,
    "mse": 19825.90482710754,
    "mae": 81.09803662910195,
    "max": 7685.419442587462,
    "lp4": 0.23581386955912045,
    "rrmse": 0.18889693866055654
}