{
    "rmse": 0.14080462862365656,
    "mae": 0.08109781229508009,
    "max": 7.685488866861428,
    "lp4": 0.00023581482192703372,
    "rrmse": 0.18889712261690972
}