{
    "rmse": 140.80476716759742,
    "mse": 19825.98245712132,
    "mae": 81.09824288054703,
    "max": 7685.490129558134,
    "lp4": 0.2358148634799838,
    "rrmse": 0.18889730848119585
}