{
    "rmse": 0.14080506674204935,
    "mae": 0.08109841064829716,
    "max": 7.685425781105834,
    "lp4": 0.0002358141483620314,
    "rrmse": 0.18889771037673386
}