{
    "rmse": 0.1408047671675974,
    "mae": 0.08109824288054704,
    "max": 7.685490129558135,
    "lp4": 0.0002358148634799838,
    "rrmse": 0.18889730848119582
}