{
    "rmse": 0.1403581197716397,
    "mae": 0.07874907220865777,
    "max": 7.685487884769277,
    "lp4": 0.0002605229230088195,
    "rrmse": 0.19079311069227142
}