{
    "rmse": 0.14834520098710868,
    "mae": 0.08276579028902391,
    "max": 7.68537693897088,
    "lp4": 0.0002353794336965221,
    "rrmse": 0.19749895683408897
}