{
    "rmse": 0.003650712764177163,
    "mae": 0.003329139498660147,
    "max": 0.007537192512046948,
    "lp4": 0.00013167715565722967,
    "rrmse": 0.4192184174215279
}