{
    "rmse": 0.003130748179952939,
    "mae": 0.0025511758697222726,
    "max": 0.007537334231842982,
    "lp4": 9.53910079653213e-05,
    "rrmse": 0.4132186567710572
}