{
    "rmse": 0.0036507356678849383,
    "mae": 0.0033291578581777195,
    "max": 0.007537202299355502,
    "lp4": 0.00013167863057166003,
    "rrmse": 0.4192210474986517
}