{
    "rmse": 0.0036507269966825876,
    "mse": 1.3327807604307066e-05,
    "mae": 0.0033291364116320313,
    "max": 0.007537384474002592,
    "lp4": 0.00013167905385233668,
    "rrmse": 0.4192200517676913
}