{
    "rmse": 0.0034391335470915006,
    "mae": 0.0031323129787268794,
    "max": 0.007537836230306193,
    "lp4": 0.0001365373972813834,
    "rrmse": 0.3923225037630149
}