{
    "rmse": 0.0036507296668226775,
    "mse": 1.3327827100219217e-05,
    "mae": 0.003329146091098551,
    "max": 0.007537137187183355,
    "lp4": 0.00013167827439852756,
    "rrmse": 0.41922035838504934
}