{
    "rmse": 0.001841099345478319,
    "mae": 0.0010112194730503411,
    "max": 0.008698425345730988,
    "lp4": 1.4169009984341236e-05,
    "rrmse": 0.38057250901938805
}