{
    "rmse": 0.0020109244069460826,
    "mae": 0.0011993130568003594,
    "max": 0.008698903898603984,
    "lp4": 2.0191051548017787e-05,
    "rrmse": 0.3643719222971269
}