{
    "rmse": 0.0021345571369343784,
    "mae": 0.0012702718015927712,
    "max": 0.008698983606650341,
    "lp4": 1.9526610333207397e-05,
    "rrmse": 0.37967864920814465
}