{
    "rmse": 0.0021345442262586203,
    "mae": 0.0012702732767518072,
    "max": 0.008699068409597645,
    "lp4": 1.952637259607534e-05,
    "rrmse": 0.37967635275617934
}