{
    "rmse": 0.00213455400047927,
    "mse": 4.556320780962056e-06,
    "mae": 0.0012702709119562666,
    "max": 0.008699322492981894,
    "lp4": 1.952658299471756e-05,
    "rrmse": 0.3796780913195699
}