{
    "rmse": 0.002134551211472969,
    "mae": 0.001270265732963505,
    "max": 0.00869928028474544,
    "lp4": 1.9526658788140077e-05,
    "rrmse": 0.37967759523252376
}