{
    "rmse": 0.0002623543051247796,
    "mae": 0.00016903294924931555,
    "max": 0.0018361814958097562,
    "lp4": 3.42206512532113e-06,
    "rrmse": 0.17226236296950218
}