{
    "rmse": 0.00026521251236588596,
    "mae": 0.00019211221338135968,
    "max": 0.0012623716192693537,
    "lp4": 2.409208129463911e-06,
    "rrmse": 0.14923183881218782
}