{
    "rmse": 0.0002290425883501194,
    "mae": 0.00015248909726165975,
    "max": 0.0012621129986870685,
    "lp4": 1.7466804010111549e-06,
    "rrmse": 0.14368412516737802
}