{
    "rmse": 0.00019039722180709212,
    "mae": 0.00014008548831290243,
    "max": 0.0009601180235953612,
    "lp4": 1.7043057871152698e-06,
    "rrmse": 0.10713418933947373
}