{
    "rmse": 0.0001819033745147183,
    "mse": 3.308883765984187e-08,
    "mae": 0.00013182080811262984,
    "max": 0.001208212186136046,
    "lp4": 1.7918770759760353e-06,
    "rrmse": 0.1023548052948697
}