{
    "rmse": 0.0002530548694066487,
    "mae": 0.00017381778065583104,
    "max": 0.0018757093886257918,
    "lp4": 3.073916571830321e-06,
    "rrmse": 0.16804351690316302
}