{
    "rmse": 0.00019632919704789305,
    "mse": 3.854515361347042e-08,
    "mae": 0.00014651506742305206,
    "max": 0.0008665321736503924,
    "lp4": 1.7347398678312925e-06,
    "rrmse": 0.11047203929638612
}