{
    "rmse": 0.00018947401872617677,
    "mae": 0.0001390708643866318,
    "max": 0.0009636140761972254,
    "lp4": 1.8328812370478613e-06,
    "rrmse": 0.11703641473729127
}