{
    "rmse": 0.0002828171802852155,
    "mse": 7.998555746448008e-08,
    "mae": 0.00022530909321171066,
    "max": 0.001149599089461762,
    "lp4": 5.116065167323406e-06,
    "rrmse": 0.13297008381566042
}