{
    "rmse": 0.00019066720916778736,
    "mae": 0.00014026115344043416,
    "max": 0.0009583366719103092,
    "lp4": 1.7071061473333527e-06,
    "rrmse": 0.10728610792707423
}