{
    "rmse": 0.00028044890719202027,
    "mae": 0.00019107147120730507,
    "max": 0.001431162455500616,
    "lp4": 4.31312905449243e-06,
    "rrmse": 0.195861220930366
}