{
    "rmse": 0.00048491706170432553,
    "mae": 0.00025595368979762967,
    "max": 0.0030031698387305156,
    "lp4": 6.030365756145883e-06,
    "rrmse": 0.29952895245671696
}