{
    "rmse": 0.00020004247362385565,
    "mse": 4.001699125355098e-08,
    "mae": 0.00014285046108591812,
    "max": 0.0014042121263724543,
    "lp4": 2.005547532463016e-06,
    "rrmse": 0.11256145463545064
}