{
    "rmse": 0.0001551768163187029,
    "mse": 2.4079844322808463e-08,
    "mae": 0.00010446698814351905,
    "max": 0.001207260374464789,
    "lp4": 1.6548983702302998e-06,
    "rrmse": 0.087316097697206
}