{
    "rmse": 0.00019810287432185452,
    "mse": 3.924474881458049e-08,
    "mae": 0.0001486006253759916,
    "max": 0.0008979590050268924,
    "lp4": 1.7205903393921999e-06,
    "rrmse": 0.11147006581742558
}