{
    "rmse": 0.00014914968288886872,
    "mse": 2.2245627905850098e-08,
    "mae": 9.973383072781494e-05,
    "max": 0.0010427605576695982,
    "lp4": 1.546848714019891e-06,
    "rrmse": 0.08392470339051619
}