{
    "rmse": 28.441081560788508,
    "mae": 11.935511481425477,
    "max": 78.14675787805027,
    "lp4": 1.5086407222034648,
    "rrmse": 6.387674533884022
}