{
    "rmse": 0.6963056760978192,
    "mae": 0.5579170387495348,
    "max": 1.688802434306126,
    "lp4": 0.02742426034390795,
    "rrmse": 0.16168723073159874
}