{
    "rmse": 2.213802535370328,
    "mse": 4.900921665612093,
    "mae": 1.9407722632185878,
    "max": 4.812930954445619,
    "lp4": 0.08160489975396622,
    "rrmse": 0.1953431850044434
}