{
    "rmse": 0.9149592609335615,
    "mse": 0.8371504491680891,
    "mae": 0.7078401234843547,
    "max": 2.6770346420962596,
    "lp4": 0.0383162762532337,
    "rrmse": 0.08073486832021137
}