{
    "rmse": 1.5151120489245855,
    "mse": 2.2955645207964555,
    "mae": 1.0926690802617587,
    "max": 3.807535799991456,
    "lp4": 0.14472213004253126,
    "rrmse": 0.15832139002951523
}