{
    "rmse": 0.4357056460981634,
    "mse": 0.18983941004181804,
    "mae": 0.3507838804267868,
    "max": 0.9512724052765407,
    "lp4": 0.01659946133657258,
    "rrmse": 0.0384461248342533
}