{
    "rmse": 0.3816330048584304,
    "mse": 0.14564375039727476,
    "mae": 0.2948683023326642,
    "max": 1.0919865894684335,
    "lp4": 0.015624968752600827,
    "rrmse": 0.033674822158152096
}