{
    "rmse": 0.8412449634405826,
    "mae": 0.737493460023238,
    "max": 1.8289137626852607,
    "lp4": 0.03100986190649227,
    "rrmse": 0.1953431850044326
}