{
    "rmse": 1.0896084832497837,
    "mae": 0.8584726876181473,
    "max": 3.809835971427674,
    "lp4": 0.07406658548761526,
    "rrmse": 0.09979452870787225
}