{
    "rmse": 7.032488448151346,
    "mae": 2.338901475876457,
    "max": 42.416764216148295,
    "lp4": 0.5693855365474534,
    "rrmse": 0.7215280745133991
}