{
    "rmse": 6.615415716501773,
    "mse": 43.763725102138665,
    "mae": 6.21726655753335,
    "max": 10.649150897414074,
    "lp4": 0.21779700319563983,
    "rrmse": 0.5837360629699226
}