{
    "rmse": 11.447817198683778,
    "mae": 2.5923785948028124,
    "max": 77.97287053952459,
    "lp4": 1.0508627828327115,
    "rrmse": 1.1496687164671164
}