{
    "rmse": 0.5931696776463277,
    "mae": 0.4115228171236438,
    "max": 1.688771916728001,
    "lp4": 0.019859684986958753,
    "rrmse": 3.209478230614336e-05
}