{
    "rmse": 0.863456981649376,
    "mae": 0.7559534258881329,
    "max": 1.8710555342913722,
    "lp4": 0.031789027973633366,
    "rrmse": 0.20050097681401008
}