{
    "rmse": 2.421549241715734,
    "mse": 5.863900730054045,
    "mae": 2.1194460660005765,
    "max": 5.471651862040744,
    "lp4": 0.08944976216256365,
    "rrmse": 0.21367449624079343
}