{
    "rmse": 1.0783137852865823,
    "mae": 0.8649455459002638,
    "max": 2.440458580160339,
    "lp4": 0.04684587999193969,
    "rrmse": 0.24218198211236455
}