{
    "rmse": 0.30910064261019926,
    "mse": 0.09554320726203813,
    "mae": 0.2464884367178283,
    "max": 0.7987744447455043,
    "lp4": 0.012264113130430307,
    "rrmse": 0.027274656637022922
}