{
    "rmse": 0.1407252434867954,
    "mae": 0.06284935438267912,
    "max": 7.682423534233346,
    "lp4": 0.0003851366959677351,
    "rrmse": 0.19546954577596207
}