{
    "rmse": 102.44539032326122,
    "mse": 10495.057998485343,
    "mae": 59.64539626093029,
    "max": 2021.4982758112815,
    "lp4": 0.18571939883160413,
    "rrmse": 0.1426629883126897
}