{
    "rmse": 0.1072452013436188,
    "mae": 0.04602709729453342,
    "max": 7.660761026301045,
    "lp4": 0.00023468932447768466,
    "rrmse": 0.14387531252560778
}