{
    "rmse": 104.27519201895362,
    "mse": 10873.315670589647,
    "mae": 41.04640603382948,
    "max": 7636.210688284053,
    "lp4": 0.23439571194156306,
    "rrmse": 0.13989088231859978
}