{
    "rmse": 106.2364726315952,
    "mse": 11286.188117203677,
    "mae": 45.06142821365048,
    "max": 7553.355331170942,
    "lp4": 0.2331244934584191,
    "rrmse": 0.1425220476999776
}