{
    "rmse": 0.1106394640627367,
    "mae": 0.04626482342110302,
    "max": 7.654058437380268,
    "lp4": 0.00025953928946184337,
    "rrmse": 0.15039562761455982
}