{
    "rmse": 0.14460486809188747,
    "mae": 0.05611705231501695,
    "max": 7.6287224332774635,
    "lp4": 0.00031258540772013824,
    "rrmse": 0.19313008467318907
}