{
    "rmse": 107.6741674740274,
    "mse": 11593.726341224901,
    "mae": 45.674523958532696,
    "max": 7638.806242270802,
    "lp4": 0.23465115353075375,
    "rrmse": 0.1444507940884396
}