{
    "rmse": 0.24142183886963503,
    "mae": 0.08127194114966443,
    "max": 7.6540783654810225,
    "lp4": 0.0002974494253009965,
    "rrmse": 0.3281721335532813
}