{
    "rmse": 101.87655453343054,
    "mse": 10378.832363603047,
    "mae": 35.87999906820573,
    "max": 7646.019872425804,
    "lp4": 0.2348618246553819,
    "rrmse": 0.13667297873371548
}