{
    "rmse": 0.11252155058751698,
    "mae": 0.04891796311356854,
    "max": 7.681810402474215,
    "lp4": 0.00023285410784619153,
    "rrmse": 0.14980524286943372
}