{
    "rmse": 0.1072200765736347,
    "mae": 0.04592993693033565,
    "max": 7.661407783456715,
    "lp4": 0.00023470201692614098,
    "rrmse": 0.14384160627033196
}