{
    "rmse": 0.11290964796646896,
    "mae": 0.049150323945166614,
    "max": 7.681820340446897,
    "lp4": 0.00023518814080331408,
    "rrmse": 0.15147447797018534
}