{
    "rmse": 0.1440946524842915,
    "mae": 0.056259496711765715,
    "max": 7.639266631903365,
    "lp4": 0.0002969607404190296,
    "rrmse": 0.19236032937831926
}