{
    "rmse": 107.56583155407296,
    "mse": 11570.408117919196,
    "mae": 45.49195614429027,
    "max": 7640.9486819707045,
    "lp4": 0.2345266618969163,
    "rrmse": 0.1443054555171477
}