{
    "rmse": 107.24520134361879,
    "mse": 11501.533211233334,
    "mae": 46.02709729453343,
    "max": 7660.761026301045,
    "lp4": 0.23468932447768467,
    "rrmse": 0.14387531252560778
}