{
    "rmse": 101.38880548546568,
    "mse": 10279.689877769595,
    "mae": 36.329226738307085,
    "max": 7653.194886842659,
    "lp4": 0.23446124370135576,
    "rrmse": 0.1360186366668367
}