{
    "rmse": 0.001119859578465218,
    "mae": 0.0010649589041939905,
    "max": 0.00262594921491852,
    "lp4": 3.7578473926833255e-05,
    "rrmse": 0.12859564434243875
}