{
    "rmse": 0.0021920486343596744,
    "mae": 0.00211416520753348,
    "max": 0.004845266269360514,
    "lp4": 8.924034411693513e-05,
    "rrmse": 0.3048773156899943
}