{
    "rmse": 0.0004302149857682335,
    "mse": 1.8508493397956132e-07,
    "mae": 0.0003428312927591369,
    "max": 0.0016376526771347197,
    "lp4": 1.9136812603361384e-05,
    "rrmse": 0.049402420057397776
}