{
    "rmse": 0.0005066802567818698,
    "mse": 2.5672488261254147e-07,
    "mae": 0.0003719726886305528,
    "max": 0.001502385446142204,
    "lp4": 5.036233425305654e-05,
    "rrmse": 0.06243631879403419
}