{
    "rmse": 0.0004016784205420893,
    "mse": 1.6134555352918755e-07,
    "mae": 0.0002691958261022655,
    "max": 0.0019140547817806876,
    "lp4": 2.1120398001135868e-05,
    "rrmse": 0.0461255110027774
}