{
    "rmse": 0.001571258223817698,
    "mae": 0.0015098006212414397,
    "max": 0.0031943746102735316,
    "lp4": 6.087861756653257e-05,
    "rrmse": 0.22154310637665844
}