{
    "rmse": 0.0004320074195277096,
    "mse": 1.8663041052699047e-07,
    "mae": 0.00030300313486026926,
    "max": 0.0017465741894752257,
    "lp4": 2.0723813647451394e-05,
    "rrmse": 0.04960824869758932
}