{
    "rmse": 0.0011269153159302067,
    "mae": 0.000923731893000213,
    "max": 0.003728642969147662,
    "lp4": 7.539062921409445e-05,
    "rrmse": 0.14401373461041447
}