{
    "rmse": 0.0010408721113587304,
    "mse": 1.0834147522043812e-06,
    "mae": 0.0009452561289603479,
    "max": 0.0027178286524708194,
    "lp4": 3.731164025960142e-05,
    "rrmse": 0.11952536051144555
}