{
    "rmse": 0.000554676287113716,
    "mae": 0.00043134483021806173,
    "max": 0.0020086403353499808,
    "lp4": 1.8139285539444232e-05,
    "rrmse": 0.07321016483265425
}