{
    "rmse": 0.0003670546449501681,
    "mse": 1.3472911237949397e-07,
    "mae": 0.0002318492660894127,
    "max": 0.0017900637716909721,
    "lp4": 1.975014931960139e-05,
    "rrmse": 0.04214959579212815
}