{
    "rmse": 0.002597080157089242,
    "mae": 0.0016367078016832454,
    "max": 0.011460751058424328,
    "lp4": 0.00014463162805113412,
    "rrmse": 0.2962644444453692
}