{
    "rmse": 0.0011307787821003023,
    "mse": 1.278660654048243e-06,
    "mae": 0.0010765052130444427,
    "max": 0.002636701193138452,
    "lp4": 3.787322013051269e-05,
    "rrmse": 0.12984951764420075
}