{
    "rmse": 0.0009228274925934311,
    "mae": 0.0008489859882328695,
    "max": 0.002262778629496679,
    "lp4": 3.447215373747517e-05,
    "rrmse": 0.10527244361934848
}