{
    "rmse": 0.001295051567872368,
    "mse": 1.6771585634486784e-06,
    "mae": 0.0012349632208566066,
    "max": 0.0029366079479912917,
    "lp4": 4.3531400121297505e-05,
    "rrmse": 0.14871327979841473
}