{
    "rmse": 0.000650378013749367,
    "mae": 0.0005746855416895061,
    "max": 0.0020090228016828855,
    "lp4": 2.5050906588546902e-05,
    "rrmse": 0.07468416697286213
}