{
    "rmse": 0.0005654826234887097,
    "mae": 0.0003743798483519592,
    "max": 0.0023636565384048376,
    "lp4": 5.204073438329064e-06,
    "rrmse": 0.10246331977198393
}