{
    "rmse": 0.0006322051916492495,
    "mse": 3.996834043482642e-07,
    "mae": 0.0004090460123316936,
    "max": 0.002812452229951318,
    "lp4": 5.619061217678111e-06,
    "rrmse": 0.11245180980842608
}