{
    "rmse": 0.000941800174613489,
    "mae": 0.000615571447796765,
    "max": 0.0034928007150744063,
    "lp4": 9.231966457804604e-06,
    "rrmse": 0.21331750881149517
}