{
    "rmse": 0.0007734969963079838,
    "mse": 5.982976032974733e-07,
    "mae": 0.0005046822672924544,
    "max": 0.003019754534163453,
    "lp4": 6.54255297229725e-06,
    "rrmse": 0.13758371216361637
}