{
    "rmse": 0.00030626596681633897,
    "mse": 9.379884242994684e-08,
    "mae": 0.0001967739354739212,
    "max": 0.0020920243051927023,
    "lp4": 3.3762197883008358e-06,
    "rrmse": 0.05447624079356225
}