{
    "rmse": 0.0006801280781352242,
    "mse": 4.625742026679137e-07,
    "mae": 0.0004475312851149089,
    "max": 0.0027381063882959537,
    "lp4": 5.700115956031479e-06,
    "rrmse": 0.12097596523735125
}