{
    "rmse": 0.0015758869473561602,
    "mae": 0.0007090633839300339,
    "max": 0.012260376236916452,
    "lp4": 2.1972816922284145e-05,
    "rrmse": 0.28554477450653926
}