{
    "rmse": 0.001292486822582811,
    "mae": 0.0008060973238542287,
    "max": 0.005265019614183797,
    "lp4": 1.3404962723300975e-05,
    "rrmse": 0.2874881209096551
}