{
    "rmse": 0.0004597117179692971,
    "mae": 0.00032679408050914334,
    "max": 0.0022642342288858694,
    "lp4": 4.113693579946365e-06,
    "rrmse": 0.08176999391752714
}