{
    "rmse": 0.0003937204191303876,
    "mae": 0.0002510435651404208,
    "max": 0.0022637764481718615,
    "lp4": 2.979515383568139e-06,
    "rrmse": 0.08138570475765844
}