{
    "rmse": 0.0002928733895662008,
    "mse": 8.57748223159956e-08,
    "mae": 0.00018733403894056124,
    "max": 0.0019135703270416196,
    "lp4": 3.1030175904490696e-06,
    "rrmse": 0.05209407188753286
}