{
    "rmse": 0.00025914345840161217,
    "mse": 6.715533203234809e-08,
    "mae": 0.00014988953683776852,
    "max": 0.0019377638842520656,
    "lp4": 3.0472480460132504e-06,
    "rrmse": 0.04609445047620475
}