{
    "rmse": 0.0004068912856468263,
    "mse": 1.655605183353272e-07,
    "mae": 0.0002966668855161355,
    "max": 0.0016923122976999219,
    "lp4": 8.18565465511103e-06,
    "rrmse": 0.053753116314985576
}