{
    "rmse": 0.0006740026660916293,
    "mae": 0.0004437521479706323,
    "max": 0.0027292264119057794,
    "lp4": 5.655537083475178e-06,
    "rrmse": 0.11988642393142229
}