{
    "rmse": 0.0007084943890423956,
    "mae": 0.0004373327127945214,
    "max": 0.004507389525144977,
    "lp4": 1.1511541905140563e-05,
    "rrmse": 0.14327960117463145
}