{
    "rmse": 0.0003087053198475401,
    "mse": 9.529897450217204e-08,
    "mae": 0.00019699488579706903,
    "max": 0.0019585979108791285,
    "lp4": 3.331871722101991e-06,
    "rrmse": 0.05491013419833585
}