{
    "epoch": 1023.0,
    "epoch_time": 0.1025149822235107,
    "train_energy_mae": 1.4900280566635566,
    "train_forces_mae": 0.0655517492832764,
    "train_forces_mse": 0.0119797374552819,
    "train_loss": 0.1438104284726896,
    "val_energy_mae": 1.3861838853506925,
    "val_forces_mae": 0.0752921265889885,
    "val_forces_mse": 0.0213048387496214,
    "val_loss": 0.2556778099929728
}