{
    "rmse": 0.033667650726547996,
    "mae": 0.012407075447638093,
    "max": 3.068757756783915,
    "lp4": 9.495345010803167e-05,
    "rrmse": 0.5955827690437924
}