{
    "rmse": 0.03371765084582959,
    "mae": 0.012437926978528453,
    "max": 3.0687562269525785,
    "lp4": 9.589893276913845e-05,
    "rrmse": 0.5942365854564937
}