{
    "rmse": 33.71765084582959,
    "mse": 1136.8799785612725,
    "mae": 12.43792697852845,
    "max": 3068.756226952579,
    "lp4": 0.09589893276913847,
    "rrmse": 0.5942365854564936
}