{
    "rmse": 33.71754282160326,
    "mse": 1136.8726939266496,
    "mae": 12.437865623862898,
    "max": 3068.744162705644,
    "lp4": 0.0958986601143056,
    "rrmse": 0.5942346816480791
}