{
    "rmse": 0.033717593107598975,
    "mae": 0.012437909046823521,
    "max": 3.06875842861954,
    "lp4": 9.58987058955979e-05,
    "rrmse": 0.5942355678835564
}