{
    "rmse": 0.03638102729270422,
    "mae": 0.013309810152092066,
    "max": 2.9933875607058344,
    "lp4": 9.290804990861419e-05,
    "rrmse": 0.6203946908445297
}