{
    "rmse": 0.036328906328299354,
    "mae": 0.013288329426757263,
    "max": 2.993395645283745,
    "lp4": 9.19925215366418e-05,
    "rrmse": 0.6217495336377583
}