{
    "rmse": 36.38110677505829,
    "mse": 1323.5849301781925,
    "mae": 13.309843610297197,
    "max": 2993.402670876402,
    "lp4": 0.0929081835021975,
    "rrmse": 0.6203960462331526
}