{
    "rmse": 36.38109131999368,
    "mse": 1323.5838056337195,
    "mae": 13.309833516263952,
    "max": 2993.3993382696476,
    "lp4": 0.09290815468023414,
    "rrmse": 0.620395782682595
}