{
    "rmse": 0.03638110677505829,
    "mae": 0.013309843610297198,
    "max": 2.993402670876402,
    "lp4": 9.29081835021975e-05,
    "rrmse": 0.6203960462331525
}