{
    "rmse": 81.62589063311505,
    "mse": 6662.786021649259,
    "mae": 46.143490594884845,
    "max": 3487.2483145921574,
    "lp4": 0.125738485308918,
    "rrmse": 0.12069790150188844
}