{
    "rmse": 81.6258243018369,
    "mse": 6662.775192954347,
    "mae": 46.14352892497341,
    "max": 3487.2291926690045,
    "lp4": 0.12573801742235377,
    "rrmse": 0.1206978034196989
}