{
    "rmse": 0.08162589063311504,
    "mae": 0.046143490594884845,
    "max": 3.4872483145921573,
    "lp4": 0.00012573848530891802,
    "rrmse": 0.12069790150188843
}