{
    "rmse": 0.08162591901045507,
    "mae": 0.04614358037716202,
    "max": 3.487246258499213,
    "lp4": 0.00012573858811504253,
    "rrmse": 0.12069794346266052
}