{
    "rmse": 0.08287123665309243,
    "mae": 0.046616331343907594,
    "max": 3.487241419302939,
    "lp4": 0.00012510898296448793,
    "rrmse": 0.12183617117830937
}