{
    "all": {
        "vib": 0.0016741957063935822,
        "rot": 0.011017295138374822,
        "trans": 0.016611348433819395
    },
    "trans": {
        "vib": 0.0028811761133213844,
        "rot": 0.006292835761209875,
        "trans": 0.02380038821399677
    },
    "rot": {
        "vib": 0.0020238838395361964,
        "rot": 0.016176758268463924,
        "trans": 0.022442960189722506
    },
    "vib": {
        "vib": 0.004101482317803018,
        "rot": 0.008827785588622383,
        "trans": 0.012784948755894133
    }
}