{
    "all": {
        "vib": 0.0016816371943919142,
        "rot": 0.010930210291512796,
        "trans": 0.016374886771678577
    },
    "trans": {
        "vib": 0.0027014220305154706,
        "rot": 0.006817903343997177,
        "trans": 0.024992713493993953
    },
    "rot": {
        "vib": 0.00207316876923926,
        "rot": 0.01665146368164209,
        "trans": 0.02424706804806452
    },
    "vib": {
        "vib": 0.004117185421669462,
        "rot": 0.008507195509306523,
        "trans": 0.012246921660414429
    }
}