{
    "all": {
        "vib": 1.6676235511053107e-06,
        "rot": 1.0941184398231189e-05,
        "trans": 1.6401752869745327e-05
    },
    "trans": {
        "vib": 2.7014220305154735e-06,
        "rot": 6.817903343997149e-06,
        "trans": 2.4992723184662342e-05
    },
    "rot": {
        "vib": 2.0538385243046304e-06,
        "rot": 1.6651463681642128e-05,
        "trans": 2.4213108569005616e-05
    },
    "vib": {
        "vib": 4.117185421669455e-06,
        "rot": 8.488600546444672e-06,
        "trans": 1.226912822734175e-05
    }
}