{
    "all": {
        "vib": 1.6863084088207786e-06,
        "rot": 1.0941184398231189e-05,
        "trans": 1.6401752869745327e-05
    },
    "trans": {
        "vib": 2.7163470141094826e-06,
        "rot": 6.817903343997152e-06,
        "trans": 2.4992723184662336e-05
    },
    "rot": {
        "vib": 2.058671085538291e-06,
        "rot": 1.6651463681642134e-05,
        "trans": 2.4247068048064518e-05
    },
    "vib": {
        "vib": 4.117185421669451e-06,
        "rot": 8.497898027875626e-06,
        "trans": 1.2258024943878111e-05
    }
}