{
    "all": {
        "vib": 0.0016863084088207798,
        "rot": 0.010941184398231182,
        "trans": 0.016401752869745316
    },
    "trans": {
        "vib": 0.0027163470141094758,
        "rot": 0.006817903343997175,
        "trans": 0.024992723184662353
    },
    "rot": {
        "vib": 0.0020586710855382863,
        "rot": 0.01665146368164209,
        "trans": 0.02424706804806452
    },
    "vib": {
        "vib": 0.004117185421669458,
        "rot": 0.008497898027875605,
        "trans": 0.012258024943878076
    }
}