{
    "rmse": 0.02558907735522768,
    "mae": 0.011495312757945882,
    "max": 0.6178996769917464,
    "lp4": 7.303479565992607e-05,
    "rrmse": 0.37433533620319037
}