{
    "rmse": 0.026920352372228774,
    "mae": 0.011528086407666742,
    "max": 0.41812338782916003,
    "lp4": 6.966616509733676e-05,
    "rrmse": 0.3634641222602836
}