{
    "rmse": 0.13089038385723548,
    "mae": 0.06878281482232836,
    "max": 4.373986185835693,
    "lp4": 0.0004550219058644793,
    "rrmse": 0.23064528292291772
}