{
    "all": {
        "vib": 0.0016659910163271268,
        "rot": 0.009537878377752294,
        "trans": 0.012276955541640423
    },
    "trans": {
        "vib": 0.002186390858701634,
        "rot": 0.0076737101475936485,
        "trans": 0.021135961939918683
    },
    "rot": {
        "vib": 0.002038944383311541,
        "rot": 0.025086979228710476,
        "trans": 0.013333596669463403
    },
    "vib": {
        "vib": 0.004150066155394523,
        "rot": 0.014120415621852664,
        "trans": 0.009743979972384865
    }
}