{
    "rmse": 0.0002229043791378124,
    "mse": 4.9686362238813616e-08,
    "mae": 0.00016295221180718223,
    "max": 0.0008898922014373737,
    "lp4": 1.960739408008613e-06,
    "rrmse": 0.1254255694095359
}