{
    "rmse": 0.00022291325357272208,
    "mae": 0.00016295983261399328,
    "max": 0.0008900780765017304,
    "lp4": 1.9608109568762703e-06,
    "rrmse": 0.12543056294558053
}