{
    "rmse": 0.0002229106695819578,
    "mae": 0.00016295493648144297,
    "max": 0.0008901547685540112,
    "lp4": 1.9607815129691092e-06,
    "rrmse": 0.12542910896556358
}