{
    "rmse": 0.0002152737448353746,
    "mae": 0.00015056745685640383,
    "max": 0.0013921056084775715,
    "lp4": 1.64852888329156e-06,
    "rrmse": 0.13504658640555411
}