{
    "rmse": 0.00022290674309642398,
    "mse": 4.968741611785516e-08,
    "mae": 0.0001629544760832235,
    "max": 0.0008899921237187816,
    "lp4": 1.9607443574127575e-06,
    "rrmse": 0.12542689958015013
}