{
    "rmse": 0.000220220208811043,
    "mae": 0.00016049667674796826,
    "max": 0.0008901392013505095,
    "lp4": 2.090276859107835e-06,
    "rrmse": 0.13602806266113857
}