{
    "rmse": 1.183692941250395,
    "mae": 0.9426766426101463,
    "max": 2.7366954094468383,
    "lp4": 0.03692332116751189,
    "rrmse": 6.404637441599197e-05
}