{
    "rmse": 1.3812566067605054,
    "mae": 1.2055940447181153,
    "max": 2.736870885521057,
    "lp4": 0.05098392034710177,
    "rrmse": 0.3207378071774567
}