{
    "rmse": 1.3812503534580973,
    "mae": 1.205589067446445,
    "max": 2.736607671409729,
    "lp4": 0.050983716309773164,
    "rrmse": 0.3207363551152605
}