{
    "rmse": 3.6348568344477923,
    "mse": 13.212184206931825,
    "mae": 3.172596499044171,
    "max": 7.2008663118613185,
    "lp4": 0.13416651396877718,
    "rrmse": 0.32073525065207464
}