{
    "rmse": 1.3812533443568167,
    "mae": 1.2055889221246443,
    "max": 2.736588597923401,
    "lp4": 0.05098395887100727,
    "rrmse": 0.3207370496236466
}