{
    "rmse": 3.634885807264351,
    "mse": 13.212394831851812,
    "mae": 3.172615907152483,
    "max": 7.202291803987464,
    "lp4": 0.13416821143972926,
    "rrmse": 0.3207378071774082
}