{
    "rmse": 1.3310052565954815,
    "mae": 1.1496327263756507,
    "max": 2.736588597923401,
    "lp4": 0.05408299506764439,
    "rrmse": 0.2989347772815505
}