{
    "rmse": 111.30274152323763,
    "mse": 12388.300270588647,
    "mae": 50.12545573381534,
    "max": 7632.45570054269,
    "lp4": 0.23409105486601756,
    "rrmse": 0.14931872494979087
}