{
    "rmse": 0.1125128512988381,
    "mae": 0.05075082880775014,
    "max": 7.632333856943375,
    "lp4": 0.00023181890659327594,
    "rrmse": 0.149793661096462
}