{
    "rmse": 0.11130274152323763,
    "mae": 0.05012545573381534,
    "max": 7.63245570054269,
    "lp4": 0.00023409105486601756,
    "rrmse": 0.14931872494979087
}