{
    "rmse": 0.11326229813896747,
    "mae": 0.049497146999029795,
    "max": 7.632452340445349,
    "lp4": 0.0002586892922732763,
    "rrmse": 0.15396092667276842
}