{
    "rmse": 111.30236102561749,
    "mse": 12388.215569876895,
    "mae": 50.12526075242734,
    "max": 7632.464910417147,
    "lp4": 0.23409111447601386,
    "rrmse": 0.14931821449138968
}