{
    "rmse": 0.11130260106574473,
    "mae": 0.05012535025008276,
    "max": 7.632457913708202,
    "lp4": 0.00023409121201394426,
    "rrmse": 0.14931853651836985
}