{
    "rmse": 0.11130238807022062,
    "mae": 0.05012510042092801,
    "max": 7.632503869592132,
    "lp4": 0.00023409164301401328,
    "rrmse": 0.1493182507732063
}