{
    "rmse": 0.00253843700992573,
    "mae": 0.0024208866383769304,
    "max": 0.004359026320596829,
    "lp4": 8.445721498960256e-05,
    "rrmse": 0.29149363830193076
}