{
    "rmse": 0.0024230217896731845,
    "mae": 0.0023145728529529305,
    "max": 0.004358963845241953,
    "lp4": 8.725128251521299e-05,
    "rrmse": 0.27640856691967053
}