{
    "rmse": 0.002538429876737762,
    "mae": 0.0024208765491074906,
    "max": 0.004358902751466068,
    "lp4": 8.445732121181985e-05,
    "rrmse": 0.2914928191841408
}