{
    "rmse": 0.002538447834850162,
    "mae": 0.00242089163848805,
    "max": 0.004358671836413391,
    "lp4": 8.445783144313618e-05,
    "rrmse": 0.291494881348969
}