{
    "rmse": 0.0025384398622455232,
    "mse": 6.44367693423707e-06,
    "mae": 0.002420882856234097,
    "max": 0.004358764785203417,
    "lp4": 8.445764188288623e-05,
    "rrmse": 0.29149396583933695
}