{
    "rmse": 0.002163625260157911,
    "mae": 0.0018076014072514824,
    "max": 0.004359127325347174,
    "lp4": 6.11595601772515e-05,
    "rrmse": 0.28557081961533565
}