{
    "rmse": 0.001482418878609104,
    "mae": 0.0009119059010582621,
    "max": 0.004803070237656196,
    "lp4": 1.2477296548306318e-05,
    "rrmse": 0.26368129840708043
}