{
    "rmse": 0.001267583346640334,
    "mae": 0.000700976687793457,
    "max": 0.004803129206245031,
    "lp4": 9.037730481619078e-06,
    "rrmse": 0.26202137098515715
}