{
    "rmse": 0.0014161597619780733,
    "mae": 0.0008752503512487813,
    "max": 0.0048032147411352505,
    "lp4": 1.2897972647524033e-05,
    "rrmse": 0.25660281061257595
}