{
    "rmse": 0.0014824216156992497,
    "mae": 0.0009119090209995458,
    "max": 0.004803007443628039,
    "lp4": 1.2477254724216198e-05,
    "rrmse": 0.26368178525967917
}