{
    "rmse": 0.0014824287402880347,
    "mae": 0.0009119077991902797,
    "max": 0.004802814196563809,
    "lp4": 1.2477365217639017e-05,
    "rrmse": 0.2636830525268791
}