{
    "rmse": 0.0014824235992219673,
    "mse": 2.197579727530212e-06,
    "mae": 0.0009119078347285379,
    "max": 0.004802838107947273,
    "lp4": 1.2477325267237358e-05,
    "rrmse": 0.26368213807348445
}