{
    "rmse": 0.00019245136257392458,
    "mae": 9.739713339672385e-05,
    "max": 0.0015003672240045639,
    "lp4": 4.1883944802901646e-06,
    "rrmse": 0.15743977708767765
}