{
    "rmse": 4.738566816828604,
    "mae": 4.262904505253537,
    "max": 7.346513877506368,
    "lp4": 0.282496995439905,
    "rrmse": 0.6871677449624422
}