{
    "rmse": 0.11405470414201556,
    "mae": 0.0689026457891035,
    "max": 1.616754017027298,
    "lp4": 0.00014664093193216834,
    "rrmse": 0.1843322337107783
}