{
    "rmse": 0.0011969719920497204,
    "mae": 0.001120638691265177,
    "max": 0.0025397841697208934,
    "lp4": 7.403353910887695e-05,
    "rrmse": 0.20768641193078827
}