{
    "rmse": 0.0007173689266156702,
    "mae": 0.0004273541122611513,
    "max": 0.004040151393725457,
    "lp4": 1.1863746311061878e-05,
    "rrmse": 0.2022848431240349
}