{
    "mean": 0.040307319363434985,
    "std": 0.023994624161314475,
    "max": 0.5707799378576806
}