{
    "rmse": 1.4715978775290381,
    "mse": 2.1656003131479697,
    "mae": 1.4501682484160119,
    "max": 1.9658209573826753,
    "lp4": 0.04771236753823363,
    "rrmse": 0.622916665563101
}