{
    "rmse": 23.608889075260578,
    "mse": 557.3796433679582,
    "mae": 23.58570660375626,
    "max": 26.207689142480376,
    "lp4": 0.7480491311207643,
    "rrmse": 9.99347082852819
}