{
    "rmse": 23.50650874969219,
    "mse": 552.5559535993556,
    "mae": 23.484966472176893,
    "max": 25.987293092228356,
    "lp4": 0.7447045946460149,
    "rrmse": 9.950133982236045
}