{
    "rmse": 20.47712638503823,
    "mse": 419.3127049888288,
    "mae": 20.455361209019465,
    "max": 22.94905427406775,
    "lp4": 0.6489189710405096,
    "rrmse": 8.667818486868205
}