{
    "rmse": 72.1955583006253,
    "mse": 5212.198638338986,
    "mae": 39.232797765313656,
    "max": 2929.262933594834,
    "lp4": 0.08530095738274,
    "rrmse": 0.09933145720547641
}