{
    "rmse": 145.66190043834672,
    "mse": 21217.389239310833,
    "mae": 82.11304105882641,
    "max": 3294.5446371922762,
    "lp4": 0.11229108446530714,
    "rrmse": 0.20041134344596775
}