{
    "rmse": 143.94198521796704,
    "mse": 20719.295108489445,
    "mae": 83.03725592729711,
    "max": 3214.9375349856446,
    "lp4": 0.11079783680262964,
    "rrmse": 0.1980449695424819
}