{
    "rmse": 142.9085304681775,
    "mse": 20422.848080574015,
    "mae": 81.76430874948612,
    "max": 3285.3845639964734,
    "lp4": 0.11083149610627611,
    "rrmse": 0.1966230736714775
}