{
    "rmse": 0.03422254637908635,
    "mae": 0.012072014757088965,
    "max": 3.05012981317311,
    "lp4": 0.00011735145439805709,
    "rrmse": 0.538501233704427
}