{
    "rmse": 0.036801632316872515,
    "mae": 0.012962854192756208,
    "max": 3.0105600591238915,
    "lp4": 0.00011471279445555802,
    "rrmse": 0.527514921303496
}