{
    "rmse": 0.1046031704081876,
    "mae": 0.048416555752020765,
    "max": 4.320972419418403,
    "lp4": 0.0002049211245712352,
    "rrmse": 0.1632378622621361
}