{
    "all": {
        "vib": 0.0015610981950060832,
        "rot": 0.010402745551208164,
        "trans": 0.011580153618725848
    },
    "trans": {
        "vib": 0.002288628712404688,
        "rot": 0.010700908848805491,
        "trans": 0.02704885153357755
    },
    "rot": {
        "vib": 0.0017671286081260193,
        "rot": 0.020034108885431418,
        "trans": 0.01741329091770072
    },
    "vib": {
        "vib": 0.002935816050610763,
        "rot": 0.009508346736822257,
        "trans": 0.010109651566996598
    }
}