{
    "rmse": 0.5924342905092094,
    "mae": 0.4042527735930182,
    "max": 2.4197020583233098,
    "lp4": 0.05703283189432334,
    "rrmse": 0.04892594610378657
}