{
    "rmse": 0.6223360284150812,
    "mae": 0.43042133155322515,
    "max": 2.4196219496807316,
    "lp4": 0.06414554409574266,
    "rrmse": 0.04896756564984506
}