{
    "rmse": 0.1345892101915744,
    "mae": 0.06795053844905108,
    "max": 3.185954435286944,
    "lp4": 0.00031680674148091875,
    "rrmse": 0.18105169960608855
}