{
    "rmse": 0.13021854594041535,
    "mae": 0.06619441575347278,
    "max": 3.1859544909352313,
    "lp4": 0.00028189786450240383,
    "rrmse": 0.17590299814843685
}