{
    "rmse": 0.00018460997107875706,
    "mae": 0.000133838983197305,
    "max": 0.0008895318263042159,
    "lp4": 1.7933186208183198e-06,
    "rrmse": 0.11403193580349055
}