{
    "rmse": 0.00018659519992109225,
    "mae": 0.00013635220078401847,
    "max": 0.000889558989156808,
    "lp4": 1.6554487987687256e-06,
    "rrmse": 0.10499483809925328
}