{
    "rmse": 0.0001865909906770804,
    "mae": 0.00013634647518238804,
    "max": 0.000889688852043484,
    "lp4": 1.6554728526953728e-06,
    "rrmse": 0.10499246960910062
}