{
    "rmse": 0.00018829946853012464,
    "mae": 0.00012845911905896184,
    "max": 0.0012896241874480194,
    "lp4": 1.5518283529753318e-06,
    "rrmse": 0.11812495047373178
}