{
    "rmse": 0.0001865878856541423,
    "mse": 3.481503907288328e-08,
    "mae": 0.0001363441411620655,
    "max": 0.000889658830761717,
    "lp4": 1.6554230298540767e-06,
    "rrmse": 0.10499072245064844
}