{
    "rmse": 0.00018659474940638246,
    "mse": 3.481760050603067e-08,
    "mae": 0.00013634847013109725,
    "max": 0.0008896332459592971,
    "lp4": 1.6554897657034838e-06,
    "rrmse": 0.10499458460013307
}