{
    "rmse": 0.5668729246697488,
    "mae": 0.4210526366064485,
    "max": 1.4182422190424404,
    "lp4": 0.01845079510685391,
    "rrmse": 3.06719372182241e-05
}