{
    "rmse": 0.594743831071372,
    "mae": 0.44981759684696476,
    "max": 1.4179675608393154,
    "lp4": 0.02581659876944397,
    "rrmse": 0.1335754414191096
}