{
    "rmse": 0.6545372220989308,
    "mae": 0.5066624704775418,
    "max": 1.4181468516107998,
    "lp4": 0.025469180093131316,
    "rrmse": 0.1519882926202976
}