{
    "rmse": 0.6545415570761335,
    "mae": 0.5066586194498259,
    "max": 1.418032410692831,
    "lp4": 0.02546968086296109,
    "rrmse": 0.15198929923346083
}