{
    "rmse": 0.6545610710521539,
    "mae": 0.5066812896507188,
    "max": 1.4178950815912685,
    "lp4": 0.025469834956575288,
    "rrmse": 0.15199383052029591
}