{
    "rmse": 1.7224931048704653,
    "mse": 2.9669824963262954,
    "mae": 1.3333398823178695,
    "max": 3.731674277340062,
    "lp4": 0.06702534579553007,
    "rrmse": 0.1519906513239687
}