{
    "rmse": 1.7224777817799535,
    "mse": 2.9669297087255893,
    "mae": 1.3333121564474866,
    "max": 3.731664238657686,
    "lp4": 0.06702547595517369,
    "rrmse": 0.15198929923350135
}