{
    "rmse": 107.03241144852915,
    "mse": 11455.937100487232,
    "mae": 44.09403435819292,
    "max": 7695.167808464092,
    "lp4": 0.23550189822052148,
    "rrmse": 0.14358984322465304
}