{
    "rmse": 0.10703191561541774,
    "mae": 0.04409407270033752,
    "max": 7.694924082944981,
    "lp4": 0.00023549874515491642,
    "rrmse": 0.1435891780373722
}