{
    "rmse": 0.10703247357361063,
    "mae": 0.04409433491883109,
    "max": 7.6951651815009665,
    "lp4": 0.00023550195863825368,
    "rrmse": 0.14358992656885308
}