{
    "rmse": 0.10956733961569703,
    "mae": 0.04389012326509211,
    "max": 7.695045479209708,
    "lp4": 0.00026025521534304774,
    "rrmse": 0.1489382558669706
}