{
    "rmse": 107.03251528393409,
    "mse": 11455.959328005585,
    "mae": 44.09428122055259,
    "max": 7695.167487362713,
    "lp4": 0.235501658466639,
    "rrmse": 0.14358998252553692
}