{
    "rmse": 0.10703241144852914,
    "mae": 0.044094034358192924,
    "max": 7.695167808464092,
    "lp4": 0.0002355018982205215,
    "rrmse": 0.143589843224653
}