{
    "rmse": 0.10738753685788101,
    "mae": 0.04450043611226805,
    "max": 7.6949185504751645,
    "lp4": 0.00023317576841768264,
    "rrmse": 0.14297008845103693
}