{
    "rmse": 0.0010468750876712594,
    "mse": 1.095947449186707e-06,
    "mae": 0.0009903363847017404,
    "max": 0.002501854113023939,
    "lp4": 3.5442862245076415e-05,
    "rrmse": 0.12021469390799516
}