{
    "rmse": 0.0010468884387236329,
    "mae": 0.0009903522370878733,
    "max": 0.0025019435805554006,
    "lp4": 3.5443288356709895e-05,
    "rrmse": 0.12021622703519758
}