{
    "rmse": 0.0010469044383621838,
    "mae": 0.0009903712423514532,
    "max": 0.002501895228069207,
    "lp4": 3.544367223118308e-05,
    "rrmse": 0.12021806430468052
}