{
    "rmse": 0.0008958068603498495,
    "mae": 0.000763313705774752,
    "max": 0.0025020534449162403,
    "lp4": 2.5668044632529594e-05,
    "rrmse": 0.11823503082436577
}