{
    "rmse": 0.0010744983694606202,
    "mae": 0.0010235476055426066,
    "max": 0.0025019568186846375,
    "lp4": 3.895612112413609e-05,
    "rrmse": 0.1225744463900145
}