{
    "rmse": 0.0010468972255954097,
    "mse": 1.0959938009593664e-06,
    "mae": 0.0009903531978537234,
    "max": 0.0025021127012882266,
    "lp4": 3.544389668890841e-05,
    "rrmse": 0.12021723604870216
}