{
    "rmse": 0.0006325684966952811,
    "mae": 0.00041597613346285213,
    "max": 0.002619527608485128,
    "lp4": 5.3464255363590366e-06,
    "rrmse": 0.11251643172308043
}