{
    "rmse": 0.0006325760814500241,
    "mae": 0.00041597497538909295,
    "max": 0.0026196099591526676,
    "lp4": 5.346480686882236e-06,
    "rrmse": 0.11251778084107102
}