{
    "rmse": 0.0005504059110014586,
    "mae": 0.0003381207661751107,
    "max": 0.0026197392708680526,
    "lp4": 3.88809183067842e-06,
    "rrmse": 0.11377406604558149
}