{
    "rmse": 0.0006472478325542776,
    "mae": 0.00042687007676916745,
    "max": 0.002619715372884229,
    "lp4": 5.861378210270696e-06,
    "rrmse": 0.11727886743819028
}