{
    "rmse": 0.000632571186554793,
    "mse": 4.001463060593387e-07,
    "mae": 0.00041597237211180884,
    "max": 0.0026198900567751403,
    "lp4": 5.34649308597107e-06,
    "rrmse": 0.11251691017465634
}