{
    "rmse": 0.0006325609985618775,
    "mse": 4.0013341690159963e-07,
    "mae": 0.0004159656978925359,
    "max": 0.0026196314368176986,
    "lp4": 5.346378636900138e-06,
    "rrmse": 0.11251509801262921
}