{
    "rmse": 0.03254264789963799,
    "mae": 0.011676659516818405,
    "max": 2.528325300203288,
    "lp4": 0.00013383712029276814,
    "rrmse": 0.49984682052479434
}