{
    "rmse": 0.04849100638745395,
    "mae": 0.012481091836584031,
    "max": 4.476735599430425,
    "lp4": 0.0002488043141645474,
    "rrmse": 0.4584195961118073
}