{
    "rmse": 0.03456697465968829,
    "mae": 0.012054979590964472,
    "max": 3.027264521493342,
    "lp4": 0.00014753000837060748,
    "rrmse": 0.5067578285618956
}