{
    "rmse": 0.04128908785284686,
    "mae": 0.01257045491878095,
    "max": 4.037635463150803,
    "lp4": 0.00021548368591202183,
    "rrmse": 0.43030174077413613
}