{
    "rmse": 0.12436177142081448,
    "mae": 0.058214703162165274,
    "max": 7.998505731391697,
    "lp4": 0.00041629748584889176,
    "rrmse": 0.21267624485234868
}