{
    "rmse": 0.11195645977220524,
    "mae": 0.056558336915054686,
    "max": 4.040990370513902,
    "lp4": 0.0002764271160087091,
    "rrmse": 0.1957881730791207
}