{
    "all": {
        "vib": 0.0008587511942745884,
        "rot": 0.003731288582848412,
        "trans": 0.005925858900335408
    },
    "trans": {
        "vib": 0.0014974795771052415,
        "rot": 0.0012500621775404452,
        "trans": 0.004791849873296617
    },
    "rot": {
        "vib": 0.0012824890427088399,
        "rot": 0.003968927658814837,
        "trans": 0.009026851978883962
    },
    "vib": {
        "vib": 0.0017803245101485831,
        "rot": 0.003264142198562714,
        "trans": 0.003848151634120868
    }
}