{
    "all": {
        "vib": 0.00133880611359523,
        "rot": 0.01098305081711104,
        "trans": 0.015722232607877657
    },
    "trans": {
        "vib": 0.002233643520838253,
        "rot": 0.008375893290632432,
        "trans": 0.02785113219509987
    },
    "rot": {
        "vib": 0.0017334296256637403,
        "rot": 0.024305533065868957,
        "trans": 0.01716706707765658
    },
    "vib": {
        "vib": 0.003284023706798891,
        "rot": 0.01097842824071367,
        "trans": 0.012278918406501966
    }
}