{
    "mean": 0.7094483657240787,
    "std": 0.143720572607184,
    "max": 1.1899752640638326
}