{
    "rmse": 0.00021881546802752315,
    "mse": 4.7880209048104007e-08,
    "mae": 0.00015800198225599638,
    "max": 0.001132131910565895,
    "lp4": 1.9941916372673456e-06,
    "rrmse": 0.12312478910967499
}