{
    "rmse": 0.00021881655718112756,
    "mse": 4.788068569660166e-08,
    "mae": 0.00015800701257125813,
    "max": 0.00113208294228034,
    "lp4": 1.994166406662502e-06,
    "rrmse": 0.12312540196309461
}