{
    "rmse": 0.00021617563706795976,
    "mae": 0.00015011890061770262,
    "max": 0.001546157038497265,
    "lp4": 1.7151720889045267e-06,
    "rrmse": 0.13561236588511605
}