{
    "rmse": 0.00021881542979674238,
    "mae": 0.00015800671382984016,
    "max": 0.0011318834498239734,
    "lp4": 1.9941298351112023e-06,
    "rrmse": 0.12312476759768196
}