{
    "rmse": 0.0002188202231296757,
    "mae": 0.00015800494442489013,
    "max": 0.0011319439722520426,
    "lp4": 1.9942414116680226e-06,
    "rrmse": 0.12312746474753096
}