{
    "rmse": 0.00021528639206842143,
    "mae": 0.00015338230426555644,
    "max": 0.0011320840787371785,
    "lp4": 2.1604469919512553e-06,
    "rrmse": 0.13298048797829115
}