{
    "rmse": 1.7313693952173967,
    "mae": 1.1308100052931833,
    "max": 4.253462080814643,
    "lp4": 0.07565399349015904,
    "rrmse": 0.4020365372503683
}