{
    "rmse": 1.479968009167531,
    "mae": 0.88731668996187,
    "max": 4.253275160648627,
    "lp4": 0.05478518141751698,
    "rrmse": 8.007700471602546e-05
}