{
    "rmse": 1.73137631182729,
    "mae": 1.130825772708548,
    "max": 4.253328566410346,
    "lp4": 0.07565396462595327,
    "rrmse": 0.40203814333737586
}