{
    "rmse": 1.5467486596971647,
    "mae": 0.9448933607536386,
    "max": 4.252966170170112,
    "lp4": 0.078513576717547,
    "rrmse": 0.3473892862600722
}