{
    "rmse": 4.55632061007244,
    "mse": 20.76005750177089,
    "mae": 2.9758604516162968,
    "max": 11.193602348255808,
    "lp4": 0.19909231004861191,
    "rrmse": 0.40204406926657116
}