{
    "rmse": 1.7313754272631665,
    "mae": 1.1308318035632727,
    "max": 4.253340010502143,
    "lp4": 0.07565391332147718,
    "rrmse": 0.40203793793516757
}