{
    "rmse": 4.556251124376888,
    "mse": 20.759424308385658,
    "mae": 2.9758731672730176,
    "max": 11.193000027633389,
    "lp4": 0.19908924558280364,
    "rrmse": 0.40203793793513376
}