{
    "rmse": 0.11197110635387304,
    "mae": 0.05151652044642361,
    "max": 7.62213650056132,
    "lp4": 0.00023399415172797066,
    "rrmse": 0.15021537298330698
}