{
    "rmse": 0.1134748074660109,
    "mae": 0.052188085149318525,
    "max": 7.622114535772803,
    "lp4": 0.00023174201875259443,
    "rrmse": 0.15107435867395394
}