{
    "rmse": 0.11377954771375913,
    "mae": 0.05074096575742328,
    "max": 7.622106276874746,
    "lp4": 0.0002585830250189026,
    "rrmse": 0.1546640399343262
}