{
    "rmse": 0.11197084791133002,
    "mae": 0.05151645471568933,
    "max": 7.62212569539754,
    "lp4": 0.00023399421181832399,
    "rrmse": 0.15021502626847796
}