{
    "rmse": 111.97095950170385,
    "mse": 12537.495771732203,
    "mae": 51.51639969669087,
    "max": 7622.17062287284,
    "lp4": 0.2339947894324183,
    "rrmse": 0.1502151759730774
}