{
    "rmse": 0.11197095950170384,
    "mae": 0.05151639969669087,
    "max": 7.622170622872841,
    "lp4": 0.00023399478943241826,
    "rrmse": 0.15021517597307738
}