{
    "rmse": 111.97083869873782,
    "mse": 12537.468718898765,
    "mae": 51.51641746084127,
    "max": 7622.103081414375,
    "lp4": 0.23399409428465243,
    "rrmse": 0.15021501390928088
}