{
    "rmse": 0.002216404094566298,
    "mae": 0.002096846855789001,
    "max": 0.0039309091329920165,
    "lp4": 7.499205818060248e-05,
    "rrmse": 0.2545139749169232
}