{
    "rmse": 0.0022163840232396134,
    "mse": 4.912358138471816e-06,
    "mae": 0.0020968317413393245,
    "max": 0.003930971899718017,
    "lp4": 7.499116520919076e-05,
    "rrmse": 0.25451167008760583
}