{
    "rmse": 0.0018924590670206852,
    "mae": 0.001588994799004664,
    "max": 0.003930884446840935,
    "lp4": 5.430635868906666e-05,
    "rrmse": 0.2497803555954636
}