{
    "rmse": 0.002216402298257314,
    "mae": 0.0020968384791888424,
    "max": 0.003930869542207702,
    "lp4": 7.499236242445846e-05,
    "rrmse": 0.25451376864328346
}