{
    "rmse": 0.0022163925334734353,
    "mse": 4.912395862436792e-06,
    "mae": 0.0020968366655995407,
    "max": 0.003930751815305805,
    "lp4": 7.499161169580475e-05,
    "rrmse": 0.25451264733423823
}