{
    "rmse": 0.002092210910427939,
    "mae": 0.001989292940507838,
    "max": 0.003887197535694182,
    "lp4": 7.613820001824147e-05,
    "rrmse": 0.23867099417339005
}