{
    "rmse": 0.0012982159528319127,
    "mae": 0.0008001738452769341,
    "max": 0.00430912407616835,
    "lp4": 1.1112727475759447e-05,
    "rrmse": 0.23091669500100065
}