{
    "rmse": 0.0012982037289547598,
    "mae": 0.0008001656343924439,
    "max": 0.004309584760326446,
    "lp4": 1.111261016702383e-05,
    "rrmse": 0.23091452071150273
}