{
    "rmse": 0.001298208755622736,
    "mse": 1.6853459731755325e-06,
    "mae": 0.0008001732096233811,
    "max": 0.004309085578158421,
    "lp4": 1.1112658854319629e-05,
    "rrmse": 0.2309154148166425
}