{
    "rmse": 0.0012982141226407535,
    "mae": 0.0008001763456728869,
    "max": 0.004309465211530257,
    "lp4": 1.1112761955699453e-05,
    "rrmse": 0.23091636946063673
}