{
    "rmse": 0.0012269734017143184,
    "mae": 0.0007613660413978535,
    "max": 0.004036846547866301,
    "lp4": 1.130046387256528e-05,
    "rrmse": 0.22232295527659693
}