{
    "rmse": 0.001113791877407088,
    "mae": 0.0006262803638743353,
    "max": 0.004309392336783492,
    "lp4": 8.053500917953313e-06,
    "rrmse": 0.2302312313299455
}