{
    "epoch": 4095.0,
    "epoch_time": 0.0959482192993164,
    "train_energy_mae": 1.9641769925525523,
    "train_forces_mae": 0.0683934130833967,
    "train_forces_mse": 0.0146365462582415,
    "train_loss": 0.1760678931373641,
    "val_energy_mae": 0.9946570204467662,
    "val_forces_mae": 0.0686080988838244,
    "val_forces_mse": 0.0151878822074762,
    "val_loss": 0.1822664615394441
}