{
    "rmse": 0.0002457779950613928,
    "mae": 0.00016900032075737348,
    "max": 0.001177593669677771,
    "lp4": 3.657365981228543e-06,
    "rrmse": 0.17164758697947805
}