{
    "rmse": 0.0002696530067618688,
    "mae": 0.00018603090329966226,
    "max": 0.0013287261915664456,
    "lp4": 4.024352723626721e-06,
    "rrmse": 0.17817998754983033
}