{
    "rmse": 1.075373378033018,
    "mae": 0.8546395604041511,
    "max": 3.511150005084346,
    "lp4": 0.07205122950913231,
    "rrmse": 0.100512017210301
}