{
    "rmse": 1.5714346371744257,
    "mae": 1.463046676063944,
    "max": 3.8166271247537225,
    "lp4": 0.08548709401242169,
    "rrmse": 0.14392378677552775
}