{
    "rmse": 0.14701036259173014,
    "mae": 0.061874261854207364,
    "max": 9.111546542168481,
    "lp4": 0.00044113726385711425,
    "rrmse": 0.20266489939458032
}