{
    "rmse": 0.13998170270497404,
    "mae": 0.060601330651419386,
    "max": 7.700878779100058,
    "lp4": 0.0003876030708231741,
    "rrmse": 0.19443675609809474
}