{
    "rmse": 0.0015379699622318267,
    "mae": 0.0014593293480586887,
    "max": 0.0032970455227157233,
    "lp4": 7.997422174294261e-05,
    "rrmse": 0.19654431424318394
}