{
    "rmse": 0.0019135899285998893,
    "mae": 0.0018490137029878795,
    "max": 0.0034148367033589922,
    "lp4": 9.471234382483961e-05,
    "rrmse": 0.23851573015526736
}