{
    "rmse": 0.000921334552573342,
    "mae": 0.0005945960066367992,
    "max": 0.0036836561704124485,
    "lp4": 1.2087389798729991e-05,
    "rrmse": 0.1863225020307348
}