{
    "rmse": 0.0011372429595306475,
    "mae": 0.0007326430200275666,
    "max": 0.003638465385393185,
    "lp4": 1.4210238754900209e-05,
    "rrmse": 0.22027438981166034
}