{
    "rmse": 0.035244295379144204,
    "mae": 0.012808223154351844,
    "max": 3.0565704912184333,
    "lp4": 0.00010542703072513723,
    "rrmse": 0.6253598481031238
}