{
    "rmse": 0.03863604948423017,
    "mae": 0.014042433715150949,
    "max": 3.0042359373739878,
    "lp4": 0.00010307594302474763,
    "rrmse": 0.6669365650220149
}