{
    "rmse": 0.1577571776162187,
    "mae": 0.05992608823501892,
    "max": 3.4812863705382973,
    "lp4": 0.00023635444974599818,
    "rrmse": 0.2404045574328911
}