{
    "all": {
        "vib": 0.007018364166813337,
        "rot": 0.013111747190215158,
        "trans": 0.017831312087928257
    },
    "trans": {
        "vib": 0.007181273685074856,
        "rot": 0.008901860587218481,
        "trans": 0.02851498293692008
    },
    "rot": {
        "vib": 0.005385742939328621,
        "rot": 0.02017617948650681,
        "trans": 0.026611720195166756
    },
    "vib": {
        "vib": 0.01396038914899491,
        "rot": 0.01138598936500112,
        "trans": 0.014763276323283357
    }
}