{
    "rmse": 1.2809008906965669,
    "mae": 1.0987328256950908,
    "max": 3.5980279750729096,
    "lp4": 0.0975114040017404,
    "rrmse": 0.10578268163486436
}