{
    "rmse": 0.13040871261159845,
    "mae": 0.06759418154603158,
    "max": 3.7583414645717568,
    "lp4": 0.00029304159689385006,
    "rrmse": 0.17615988081724135
}