{
    "epoch": 2047.0,
    "epoch_time": 1.8991026878356931,
    "train_energy_mae": 1.1678727250758096,
    "train_forces_mae": 0.0412825690767908,
    "train_loss": 0.0784732278838744,
    "train_stress_mae": 9.959188218518342,
    "val_energy_mae": 0.6102841165557948,
    "val_forces_mae": 0.0486371570219323,
    "val_loss": 0.1726547391769764,
    "val_stress_mae": 10.651289441877571
}