{
    "rmse": 0.0002511809536485402,
    "mae": 0.00016840454752702143,
    "max": 0.0019062309510920463,
    "lp4": 3.1037104152360666e-06,
    "rrmse": 0.16679912514294454
}