{
    "rmse": 7.200608797046824,
    "mae": 2.4496529616773306,
    "max": 43.44088212956558,
    "lp4": 0.5829197271533512,
    "rrmse": 0.7387770970350019
}