{
    "rmse": 0.14169402265975334,
    "mae": 0.0541133210131047,
    "max": 7.632497172857862,
    "lp4": 0.00029471367022401143,
    "rrmse": 0.18915558905102695
}