{
    "rmse": 0.0021891721859592884,
    "mae": 0.0021283486703800227,
    "max": 0.003996926804361282,
    "lp4": 8.324727748580842e-05,
    "rrmse": 0.3086672827668021
}