{
    "rmse": 0.0012886362913567635,
    "mae": 0.0008136985357767975,
    "max": 0.004290021118299653,
    "lp4": 1.2429003638777479e-05,
    "rrmse": 0.2918758042799494
}