{
    "rmse": 0.0002742815755833666,
    "mae": 0.00018683146654961528,
    "max": 0.0016847353417004246,
    "lp4": 2.95117932333956e-06,
    "rrmse": 0.16942128768147402
}