{
    "rmse": 0.00028045535558407985,
    "mae": 0.00019511523920447957,
    "max": 0.0016846136424617068,
    "lp4": 2.7147092586702474e-06,
    "rrmse": 0.15780880036609363
}