{
    "rmse": 0.00029304578503297897,
    "mae": 0.00020348256595492277,
    "max": 0.0019201104966331886,
    "lp4": 2.3044351174804766e-06,
    "rrmse": 0.18383492589634434
}