{
    "rmse": 0.00028044397739193004,
    "mse": 7.864882445540537e-08,
    "mae": 0.00019512010969726927,
    "max": 0.0016844470103896635,
    "lp4": 2.7144460270851404e-06,
    "rrmse": 0.1578023979964553
}