{
    "rmse": 0.0002804483839317971,
    "mae": 0.00019511727486797996,
    "max": 0.0016845804833765174,
    "lp4": 2.7145613777182e-06,
    "rrmse": 0.15780487750257394
}