{
    "rmse": 0.00028044710871580954,
    "mse": 7.86505807870571e-08,
    "mae": 0.00019511932558861976,
    "max": 0.0016849012577388675,
    "lp4": 2.714629692155078e-06,
    "rrmse": 0.15780415995412572
}