{
    "rmse": 1.8573794157536998,
    "mae": 1.45525292026082,
    "max": 4.539127947296947,
    "lp4": 0.059196845030664885,
    "rrmse": 0.00010049769948636852
}