{
    "rmse": 2.170425737152603,
    "mae": 1.888329048346315,
    "max": 4.539158464875072,
    "lp4": 0.08173596846673169,
    "rrmse": 0.5039886058597824
}