{
    "rmse": 2.170431646026022,
    "mae": 1.8883354061750912,
    "max": 4.538971544709057,
    "lp4": 0.08173663958297867,
    "rrmse": 0.503989977943068
}