{
    "rmse": 5.711662226384225,
    "mse": 32.623085388304396,
    "mae": 4.969303700461197,
    "max": 11.944661959758378,
    "lp4": 0.2150964199551671,
    "rrmse": 0.503989977943007
}