{
    "rmse": 5.71174620682778,
    "mse": 32.62404473121153,
    "mae": 4.969302170757908,
    "max": 11.944752307856106,
    "lp4": 0.2151025604417912,
    "rrmse": 0.503997388272998
}