{
    "rmse": 2.1569691886106206,
    "mae": 1.8613804362235609,
    "max": 4.538967730011791,
    "lp4": 0.08857805686558301,
    "rrmse": 0.4844406893251269
}