{
    "rmse": 2.1704150206106205,
    "mae": 1.8883048885969662,
    "max": 4.539108873810619,
    "lp4": 0.08173670031552041,
    "rrmse": 0.5039861174009697
}