{
    "rmse": 0.12392026100656853,
    "mae": 0.06075943262489219,
    "max": 7.700897366994003,
    "lp4": 0.0002604842729338736,
    "rrmse": 0.16844862351895548
}