{
    "rmse": 123.69304789809617,
    "mse": 15299.970098320711,
    "mae": 62.40001005372309,
    "max": 7701.009532746404,
    "lp4": 0.23576327240586983,
    "rrmse": 0.16594099969622988
}