{
    "rmse": 0.12369284041177049,
    "mae": 0.06240000059208792,
    "max": 7.700893165474713,
    "lp4": 0.00023576274353194625,
    "rrmse": 0.16594072134195784
}