{
    "rmse": 123.69351324733591,
    "mse": 15300.085219468867,
    "mae": 62.400162625711324,
    "max": 7700.891294674757,
    "lp4": 0.2357623357283857,
    "rrmse": 0.165941623987727
}