{
    "rmse": 0.12369339881355261,
    "mae": 0.062400195495840936,
    "max": 7.700867256802749,
    "lp4": 0.00023576274885355332,
    "rrmse": 0.16594147046853797
}