{
    "rmse": 0.12900971119546217,
    "mae": 0.06362054977344263,
    "max": 7.700894136149127,
    "lp4": 0.00023437425717685043,
    "rrmse": 0.17175670809051002
}