{
    "rmse": 0.12369351324733592,
    "mae": 0.06240016262571133,
    "max": 7.700891294674757,
    "lp4": 0.00023576233572838572,
    "rrmse": 0.16594162398772697
}