{
    "rmse": 0.0022737647244039524,
    "mae": 0.0016772215883798039,
    "max": 0.006360146531745461,
    "lp4": 7.766216822980695e-05,
    "rrmse": 0.3001078180761691
}