{
    "rmse": 0.0024185958386967544,
    "mae": 0.0019312245687653194,
    "max": 0.0063588815206283185,
    "lp4": 0.00011133327785846071,
    "rrmse": 0.27590367225802703
}