{
    "rmse": 0.002640791058137045,
    "mae": 0.002140425238101079,
    "max": 0.006358653608772139,
    "lp4": 0.0001071828092712015,
    "rrmse": 0.30324715189765333
}