{
    "rmse": 0.002640798981287992,
    "mse": 6.973819259571697e-06,
    "mae": 0.0021404113622988086,
    "max": 0.006358174045362337,
    "lp4": 0.00010718295199899753,
    "rrmse": 0.30324806172842217
}