{
    "rmse": 0.002640699478743546,
    "mae": 0.00214035163140156,
    "max": 0.006358348743066355,
    "lp4": 0.0001071791368908528,
    "rrmse": 0.3032366356585266
}