{
    "rmse": 0.0026407605706418556,
    "mse": 6.9736163914566984e-06,
    "mae": 0.002140341470198067,
    "max": 0.006357913489853182,
    "lp4": 0.00010718323926718855,
    "rrmse": 0.30324365095953243
}