{
    "rmse": 0.0015501891665711653,
    "mae": 0.0008334905068755079,
    "max": 0.007054102370406809,
    "lp4": 1.5977884176897225e-05,
    "rrmse": 0.2757357573600213
}