{
    "rmse": 0.001550239906260366,
    "mae": 0.0008335159076587066,
    "max": 0.00705497483621613,
    "lp4": 1.597847787720392e-05,
    "rrmse": 0.27574478254670926
}