{
    "rmse": 0.001550243608054114,
    "mae": 0.0008335108287951462,
    "max": 0.0070542812868220756,
    "lp4": 1.597841984212952e-05,
    "rrmse": 0.2757454409933845
}