{
    "rmse": 0.0015502223640301703,
    "mse": 2.4031893779392897e-06,
    "mae": 0.0008334891152890027,
    "max": 0.0070541695155160525,
    "lp4": 1.597855339345308e-05,
    "rrmse": 0.2757416622693695
}