{
    "rmse": 0.001345069207428942,
    "mae": 0.0006841394719722714,
    "max": 0.007056548864521603,
    "lp4": 1.1598691301528308e-05,
    "rrmse": 0.27803842542943336
}