{
    "rmse": 0.0014230597292541564,
    "mae": 0.0007571157982848032,
    "max": 0.007054896871350261,
    "lp4": 1.66513973219408e-05,
    "rrmse": 0.257853058673363
}