{
    "rmse": 0.0003116486556877578,
    "mae": 0.00021561515004142108,
    "max": 0.0020747862657702378,
    "lp4": 2.482011480965417e-06,
    "rrmse": 0.19550497038408773
}