{
    "rmse": 0.000303458353217896,
    "mse": 9.208697213771734e-08,
    "mae": 0.00021104736313191005,
    "max": 0.0016071848124744464,
    "lp4": 2.959140560150551e-06,
    "rrmse": 0.17075230595134647
}