{
    "rmse": 0.0003034643119652927,
    "mae": 0.00021104915428809388,
    "max": 0.0016072628624356489,
    "lp4": 2.9592597586671876e-06,
    "rrmse": 0.17075565886566826
}