{
    "rmse": 0.00030345847166050145,
    "mae": 0.00021104758860962365,
    "max": 0.001607284582946622,
    "lp4": 2.959082296352037e-06,
    "rrmse": 0.17075237259755274
}