{
    "rmse": 0.00029532597812353506,
    "mae": 0.00020092660669081492,
    "max": 0.0016066429701118816,
    "lp4": 3.2160579854469877e-06,
    "rrmse": 0.18242022780080022
}