{
    "rmse": 0.00030346769762766053,
    "mae": 0.00021104640241737752,
    "max": 0.0016074292055405712,
    "lp4": 2.9593795516724574e-06,
    "rrmse": 0.17075756393649708
}