{
    "rmse": 4.164174313712046,
    "mse": 17.340347714979185,
    "mae": 3.4443086362298345,
    "max": 10.286600419713068,
    "lp4": 0.16460653663261177,
    "rrmse": 0.36744156732936856
}