{
    "rmse": 1.5823930658090626,
    "mae": 1.3088645296050734,
    "max": 3.9083779165666783,
    "lp4": 0.06255051446344471,
    "rrmse": 0.3674431525151158
}