{
    "rmse": 1.5823862392105246,
    "mae": 1.3088372817674618,
    "max": 3.9089081594866,
    "lp4": 0.06255048392038967,
    "rrmse": 0.36744156732939803
}