{
    "rmse": 1.3577474338037583,
    "mae": 1.017208684524753,
    "max": 3.9085305044573033,
    "lp4": 0.045310094073671384,
    "rrmse": 7.346398502291378e-05
}