{
    "rmse": 4.164362202588715,
    "mse": 17.341912554349538,
    "mae": 3.4445265233239515,
    "max": 10.285405817136052,
    "lp4": 0.1646116946775883,
    "rrmse": 0.3674581464103883
}