{
    "rmse": 1.5565218419669866,
    "mae": 1.272121452912535,
    "max": 3.9083435842912877,
    "lp4": 0.06742537166570478,
    "rrmse": 0.3495842768889102
}