{
    "rmse": 1.5823966805868632,
    "mae": 1.3088531945046271,
    "max": 3.90787056183035,
    "lp4": 0.06255037224724609,
    "rrmse": 0.36744399189275173
}