{
    "rmse": 0.12713105558981475,
    "mae": 0.06459501598467916,
    "max": 7.692284881110188,
    "lp4": 0.0002603256005814545,
    "rrmse": 0.17281315538450145
}