{
    "rmse": 0.12727252026663835,
    "mae": 0.06639883281276762,
    "max": 7.692277133099431,
    "lp4": 0.00023564217660522599,
    "rrmse": 0.17074305796316072
}