{
    "rmse": 0.12727295365326696,
    "mae": 0.06639866236665427,
    "max": 7.692303973903565,
    "lp4": 0.00023564224588599626,
    "rrmse": 0.170743639375064
}