{
    "rmse": 127.27317057776158,
    "mse": 16198.459948915994,
    "mae": 66.39910248264044,
    "max": 7692.296220769992,
    "lp4": 0.23564323564154724,
    "rrmse": 0.17074393039115673
}