{
    "rmse": 127.27251721949071,
    "mse": 16198.29363938556,
    "mae": 66.39829108289861,
    "max": 7692.298986731744,
    "lp4": 0.2356425385978864,
    "rrmse": 0.17074305387524522
}