{
    "rmse": 0.12727317057776158,
    "mae": 0.06639910248264046,
    "max": 7.692296220769992,
    "lp4": 0.00023564323564154727,
    "rrmse": 0.17074393039115673
}