{
    "rmse": 0.1329928598982352,
    "mae": 0.06770538440761732,
    "max": 7.692294887752501,
    "lp4": 0.0002344382767817775,
    "rrmse": 0.17705966166418913
}