{
    "rmse": 0.001440709102027933,
    "mae": 0.0009466013245203387,
    "max": 0.004920751159341588,
    "lp4": 5.388781834676411e-05,
    "rrmse": 0.19015514685910231
}