{
    "rmse": 0.0013015457366264457,
    "mae": 0.0009267833252134359,
    "max": 0.004921830740487453,
    "lp4": 6.801037635740013e-05,
    "rrmse": 0.14847509559121494
}