{
    "rmse": 0.001658646987534382,
    "mae": 0.0011700653852566374,
    "max": 0.004921381243308766,
    "lp4": 7.430627906892551e-05,
    "rrmse": 0.19046564605086655
}