{
    "rmse": 0.0016586788768566377,
    "mse": 2.7512156165303967e-06,
    "mae": 0.00117013004949271,
    "max": 0.004921051667441402,
    "lp4": 7.430370996021042e-05,
    "rrmse": 0.1904693079635045
}