{
    "rmse": 0.0016586276175931908,
    "mae": 0.0011701136414525677,
    "max": 0.004921208206962518,
    "lp4": 7.430268998717034e-05,
    "rrmse": 0.19046342176300382
}