{
    "rmse": 0.0016585781140676405,
    "mae": 0.0011700200306130589,
    "max": 0.004921570176594314,
    "lp4": 7.430416923721772e-05,
    "rrmse": 0.1904577371772863
}