{
    "rmse": 0.0008073977963379939,
    "mae": 0.0004404431322536996,
    "max": 0.005553739521944507,
    "lp4": 1.031505543196979e-05,
    "rrmse": 0.1462974371855774
}