{
    "rmse": 0.0010045532332280166,
    "mae": 0.0005274183974012663,
    "max": 0.005552833735584448,
    "lp4": 1.1147440876872004e-05,
    "rrmse": 0.17868222314135834
}