{
    "rmse": 0.0010045689843482708,
    "mse": 1.0091588443145163e-06,
    "mae": 0.0005274452132080536,
    "max": 0.005553188391154009,
    "lp4": 1.1146971048565868e-05,
    "rrmse": 0.17868502482980142
}