{
    "rmse": 0.0008882599789179767,
    "mae": 0.00045547773891464126,
    "max": 0.005554041990195973,
    "lp4": 8.144983725362203e-06,
    "rrmse": 0.18361167183539365
}