{
    "rmse": 0.0010045435952632355,
    "mae": 0.0005274345106468714,
    "max": 0.005553165840115955,
    "lp4": 1.1146803693908104e-05,
    "rrmse": 0.17868050881411648
}