{
    "rmse": 0.001004513562631478,
    "mae": 0.0005274116896677971,
    "max": 0.005552850405486025,
    "lp4": 1.1146990717608193e-05,
    "rrmse": 0.17867516683996146
}