{
    "rmse": 0.040263920867297194,
    "mae": 0.017424136447217672,
    "max": 3.056895731613935,
    "lp4": 9.459908625988956e-05,
    "rrmse": 0.7122711851051616
}