{
    "rmse": 0.04036618349233442,
    "mae": 0.0175052313292876,
    "max": 3.0569030227539797,
    "lp4": 9.554084980798957e-05,
    "rrmse": 0.7114096754863917
}