{
    "rmse": 40.36618349233442,
    "mse": 1629.428769736812,
    "mae": 17.505231329287604,
    "max": 3056.9030227539797,
    "lp4": 0.09554084980798958,
    "rrmse": 0.7114096754863917
}