{
    "rmse": 0.040366333440395384,
    "mae": 0.017505311490413625,
    "max": 3.0568925464151966,
    "lp4": 9.55408160615598e-05,
    "rrmse": 0.7114123181563734
}