{
    "rmse": 40.36624869895998,
    "mse": 1629.4340340262881,
    "mae": 17.505305086187484,
    "max": 3056.893318201296,
    "lp4": 0.09554068945707699,
    "rrmse": 0.711410824681592
}