{
    "rmse": 0.041999362439578476,
    "mae": 0.016780462185624002,
    "max": 3.0423483041569184,
    "lp4": 9.422162252705949e-05,
    "rrmse": 0.7162024663771629
}