{
    "rmse": 41.99921409439208,
    "mse": 1763.9339845465825,
    "mae": 16.78037272082448,
    "max": 3042.361104117652,
    "lp4": 0.09422154105572556,
    "rrmse": 0.7161999366914201
}