{
    "rmse": 41.99925955511906,
    "mse": 1763.9378031782599,
    "mae": 16.780406895424072,
    "max": 3042.3386811447103,
    "lp4": 0.09422136014992384,
    "rrmse": 0.7162007119194925
}