{
    "rmse": 0.041901890023431476,
    "mae": 0.016724401196785456,
    "max": 3.0423315490455445,
    "lp4": 9.329249199509871e-05,
    "rrmse": 0.7171281278103022
}