{
    "rmse": 0.04199921409439208,
    "mae": 0.01678037272082448,
    "max": 3.0423611041176515,
    "lp4": 9.422154105572555e-05,
    "rrmse": 0.71619993669142
}