{
    "rmse": 420.8326387761433,
    "mse": 177100.1098592919,
    "mae": 269.947190796255,
    "max": 4303.795965165136,
    "lp4": 0.3308641146229096,
    "rrmse": 0.622273349666535
}