{
    "rmse": 0.4216337384027457,
    "mae": 0.2701557450458796,
    "max": 4.3037904801000355,
    "lp4": 0.00033061913142835,
    "rrmse": 0.6198802190152971
}