{
    "rmse": 420.8326908619647,
    "mse": 177100.15369812193,
    "mae": 269.947263437488,
    "max": 4303.801136021699,
    "lp4": 0.33086404461661006,
    "rrmse": 0.6222734266843695
}