{
    "rmse": 0.4208326387761433,
    "mae": 0.26994719079625495,
    "max": 4.303795965165135,
    "lp4": 0.00033086411462290963,
    "rrmse": 0.622273349666535
}