{
    "rmse": 0.42083257474752417,
    "mae": 0.26994718971260795,
    "max": 4.3037955923151205,
    "lp4": 0.00033086408962954824,
    "rrmse": 0.6222732549892224
}