{
    "all": {
        "vib": 0.04935138044097366,
        "rot": 0.013871270892040325,
        "trans": 0.016307721526511734
    },
    "trans": {
        "vib": 0.041202904708525084,
        "rot": 0.009927323697535632,
        "trans": 0.025048427569297767
    },
    "rot": {
        "vib": 0.037423354193447174,
        "rot": 0.020248503166268653,
        "trans": 0.02771093491207372
    },
    "vib": {
        "vib": 0.10601693011520665,
        "rot": 0.012663169708934979,
        "trans": 0.010859011227457211
    }
}