{
    "all": {
        "vib": 0.0493467092265448,
        "rot": 0.013893219105477105,
        "trans": 0.01629428847747837
    },
    "trans": {
        "vib": 0.041207879703056415,
        "rot": 0.009927323697535635,
        "trans": 0.025048427569297767
    },
    "rot": {
        "vib": 0.03742818675468083,
        "rot": 0.02026197522426349,
        "trans": 0.027693955172544235
    },
    "vib": {
        "vib": 0.10601693011520665,
        "rot": 0.012681764671796866,
        "trans": 0.010859011227457211
    }
}