{
    "all": {
        "vib": 4.935605165540253e-05,
        "rot": 1.3882244998758718e-05,
        "trans": 1.6307721526511774e-05
    },
    "trans": {
        "vib": 4.120787970305644e-05,
        "rot": 9.936832628280367e-06,
        "trans": 2.5032319255748364e-05
    },
    "rot": {
        "vib": 3.743301931591449e-05,
        "rot": 2.0248503166268694e-05,
        "trans": 2.7727914651603192e-05
    },
    "vib": {
        "vib": 0.00010601693011520667,
        "rot": 1.2691062153227813e-05,
        "trans": 1.0825701377066264e-05
    }
}