{
    "all": {
        "vib": 0.04932402543836293,
        "rot": 0.013950894435575194,
        "trans": 0.016544849841210053
    },
    "trans": {
        "vib": 0.04135275944454465,
        "rot": 0.009385880933763552,
        "trans": 0.023865365870948452
    },
    "rot": {
        "vib": 0.037267213300584974,
        "rot": 0.019595770194191404,
        "trans": 0.025872446241185735
    },
    "vib": {
        "vib": 0.10569043998580815,
        "rot": 0.012951714622723348,
        "trans": 0.011399821031695824
    }
}