{
    "all": {
        "vib": 4.935138044097366e-05,
        "rot": 1.387127089204035e-05,
        "trans": 1.6307721526511774e-05
    },
    "trans": {
        "vib": 4.1202904708525106e-05,
        "rot": 9.927323697535607e-06,
        "trans": 2.5048427569297745e-05
    },
    "rot": {
        "vib": 3.742335419344717e-05,
        "rot": 2.0248503166268694e-05,
        "trans": 2.771093491207375e-05
    },
    "vib": {
        "vib": 0.00010601693011520667,
        "rot": 1.2663169708935002e-05,
        "trans": 1.0859011227457224e-05
    }
}