{
    "rmse": 37.20990984185666,
    "mse": 1384.577390439101,
    "mae": 15.36296436534788,
    "max": 3097.0858003913486,
    "lp4": 0.095712313142631,
    "rrmse": 0.6557838169293388
}