{
    "rmse": 0.03720991125284474,
    "mae": 0.015362967675337852,
    "max": 3.0970768787793417,
    "lp4": 9.571226536055153e-05,
    "rrmse": 0.6557838417964551
}