{
    "rmse": 37.20991125284475,
    "mse": 1384.577495444582,
    "mae": 15.362967675337854,
    "max": 3097.076878779342,
    "lp4": 0.09571226536055154,
    "rrmse": 0.6557838417964551
}