{
    "rmse": 0.03720988134960176,
    "mae": 0.015362931606102612,
    "max": 3.097088722729634,
    "lp4": 9.571247573477537e-05,
    "rrmse": 0.6557833147846212
}