{
    "rmse": 0.03713153916593366,
    "mae": 0.01530309894005758,
    "max": 3.0970852107679203,
    "lp4": 9.476909347607532e-05,
    "rrmse": 0.6568591641550595
}