{
    "rmse": 40.52619978224205,
    "mse": 1642.3728687901958,
    "mae": 15.784139994972035,
    "max": 3044.866143203289,
    "lp4": 0.09434007888475977,
    "rrmse": 0.6910810676874339
}