{
    "rmse": 0.040526199782242055,
    "mae": 0.015784139994972034,
    "max": 3.044866143203289,
    "lp4": 9.434007888475979e-05,
    "rrmse": 0.6910810676874339
}