{
    "rmse": 0.04044029074856718,
    "mae": 0.01573806144136174,
    "max": 3.0448578561907507,
    "lp4": 9.34097783023021e-05,
    "rrmse": 0.6921136487257978
}