{
    "rmse": 40.526361040594665,
    "mse": 1642.385939192629,
    "mae": 15.78420782919538,
    "max": 3044.8674195866997,
    "lp4": 0.09434010473952874,
    "rrmse": 0.6910838175775074
}