{
    "rmse": 0.04052624074040303,
    "mae": 0.015784167893319892,
    "max": 3.044867170546186,
    "lp4": 9.433993478588887e-05,
    "rrmse": 0.6910817661346056
}