{
    "rmse": 0.11496125567432164,
    "mae": 0.07287348969453161,
    "max": 3.539455928331097,
    "lp4": 0.0001399874599207321,
    "rrmse": 0.16901448308105316
}