{
    "rmse": 0.11068443874488641,
    "mae": 0.07193898026198173,
    "max": 3.5394476889045112,
    "lp4": 0.0001301750894139637,
    "rrmse": 0.16366595674243462
}