{
    "rmse": 110.68414000673465,
    "mse": 12250.978849030438,
    "mae": 71.93888146954359,
    "max": 3539.4766124930698,
    "lp4": 0.1301751669627399,
    "rrmse": 0.16366551500675813
}