{
    "rmse": 110.68412646656301,
    "mse": 12250.975851666115,
    "mae": 71.93889726982138,
    "max": 3539.4933969335425,
    "lp4": 0.13017565141474793,
    "rrmse": 0.16366549498528835
}