{
    "rmse": 0.11068414000673465,
    "mae": 0.0719388814695436,
    "max": 3.5394766124930697,
    "lp4": 0.0001301751669627399,
    "rrmse": 0.16366551500675816
}