{
    "all": {
        "vib": 0.0025575393644048853,
        "rot": 0.007780641663335934,
        "trans": 0.012745372134929035
    },
    "trans": {
        "vib": 0.002835746882861545,
        "rot": 0.005115804740684085,
        "trans": 0.019023918301826807
    },
    "rot": {
        "vib": 0.002846378566624529,
        "rot": 0.013000535965036076,
        "trans": 0.02409425039229938
    },
    "vib": {
        "vib": 0.005615427820601769,
        "rot": 0.006684889148843043,
        "trans": 0.008260842896961298
    }
}