{
    "all": {
        "vib": 0.0025435253698903562,
        "rot": 0.007780641663335934,
        "trans": 0.012745372134929035
    },
    "trans": {
        "vib": 0.002835746882861542,
        "rot": 0.005115804740684083,
        "trans": 0.019040026615376196
    },
    "rot": {
        "vib": 0.002860876250325501,
        "rot": 0.01297359184904638,
        "trans": 0.02409425039229937
    },
    "vib": {
        "vib": 0.005640706963058822,
        "rot": 0.006684889148843045,
        "trans": 0.008260842896961298
    }
}