{
    "all": {
        "vib": 2.552868032900044e-06,
        "rot": 7.758693449899165e-06,
        "trans": 1.271850536350962e-05
    },
    "trans": {
        "vib": 2.8357468828615484e-06,
        "rot": 5.1062958099393e-06,
        "trans": 1.900780998827738e-05
    },
    "rot": {
        "vib": 2.865708811559161e-06,
        "rot": 1.3000535965036129e-05,
        "trans": 2.4094250392299434e-05
    },
    "vib": {
        "vib": 5.640706963058839e-06,
        "rot": 6.66629418598121e-06,
        "trans": 8.271946180424977e-06
    }
}