{
    "all": {
        "vib": 0.0025927108428264235,
        "rot": 0.007898987737276632,
        "trans": 0.012991284455579049
    },
    "trans": {
        "vib": 0.002992712281040046,
        "rot": 0.004584720340676142,
        "trans": 0.017836859503341167
    },
    "rot": {
        "vib": 0.002755926930432268,
        "rot": 0.01256247626980049,
        "trans": 0.022342092952914783
    },
    "vib": {
        "vib": 0.005910117615326582,
        "rot": 0.007005156238729552,
        "trans": 0.00882744097247031
    }
}