{
    "all": {
        "vib": 2.5575393644048866e-06,
        "rot": 7.780641663335941e-06,
        "trans": 1.2745372134929035e-05
    },
    "trans": {
        "vib": 2.835746882861547e-06,
        "rot": 5.115804740684041e-06,
        "trans": 1.902391830182679e-05
    },
    "rot": {
        "vib": 2.846378566624531e-06,
        "rot": 1.3000535965036127e-05,
        "trans": 2.409425039229943e-05
    },
    "vib": {
        "vib": 5.615427820601779e-06,
        "rot": 6.684889148843083e-06,
        "trans": 8.260842896961337e-06
    }
}