{
    "rmse": 0.027522375828144565,
    "mae": 0.012514763089121889,
    "max": 0.658062835332704,
    "lp4": 0.00012508281756371155,
    "rrmse": 0.33189857721364235
}