{
    "rmse": 0.026194821195585326,
    "mae": 0.01150424409286772,
    "max": 0.3923487465471178,
    "lp4": 0.00010018616072558903,
    "rrmse": 0.2892239852309528
}