{
    "rmse": 0.15097799388237196,
    "mae": 0.0808988621211704,
    "max": 4.09317501542667,
    "lp4": 0.0007369136559678597,
    "rrmse": 0.5560602950455409
}