{
    "all": {
        "vib": 0.013226466107637997,
        "rot": 0.012747354329759653,
        "trans": 0.006781990568395344
    },
    "trans": {
        "vib": 0.0101333881508731,
        "rot": 0.009020485034608212,
        "trans": 0.017612105224179782
    },
    "rot": {
        "vib": 0.004898943635519484,
        "rot": 0.02788707861928187,
        "trans": 0.015258891410618137
    },
    "vib": {
        "vib": 0.022616681786657676,
        "rot": 0.013094787422304986,
        "trans": 0.009522739253046263
    }
}