{
    "rmse": 0.03318619802587486,
    "mae": 0.011760235061856904,
    "max": 3.0577015341985136,
    "lp4": 0.00010012423042685185,
    "rrmse": 0.5843929640066411
}