{
    "rmse": 0.0358799053640151,
    "mae": 0.012785490809381007,
    "max": 3.0064963027399214,
    "lp4": 9.789241556763069e-05,
    "rrmse": 0.6137015654477205
}