{
    "rmse": 0.0764466521590767,
    "mae": 0.03968529314003531,
    "max": 3.4858548005114165,
    "lp4": 0.00013197702666170355,
    "rrmse": 0.11439330632643552
}