{
    "all": {
        "vib": 0.0013267205741629609,
        "rot": 0.010796874894884404,
        "trans": 0.015585695140968107
    },
    "trans": {
        "vib": 0.0026432145944988404,
        "rot": 0.007368470434119074,
        "trans": 0.024660217212757515
    },
    "rot": {
        "vib": 0.001916320954572808,
        "rot": 0.01615434474163193,
        "trans": 0.025994283245645643
    },
    "vib": {
        "vib": 0.0034810147565820385,
        "rot": 0.00861039755318994,
        "trans": 0.012766000162340387
    }
}