{
    "epoch": 1023.0,
    "epoch_time": 0.0894265174865722,
    "train_energy_mae": 2.819870859469908,
    "train_forces_mae": 0.0701625305864689,
    "train_forces_mse": 0.0135523745408232,
    "train_loss": 0.1632161572200682,
    "val_energy_mae": 1.5780920144901758,
    "val_forces_mae": 0.0773283509516411,
    "val_forces_mse": 0.0214422338648838,
    "val_loss": 0.2573311486462832
}