{
    "rmse": 0.0008138621877892919,
    "mae": 0.0005672946810413124,
    "max": 0.0044295832237964405,
    "lp4": 6.017657812549605e-06,
    "rrmse": 0.5105560380786351
}