{
    "rmse": 0.0008958380383313651,
    "mae": 0.0006517833157136479,
    "max": 0.0044296966983014205,
    "lp4": 8.085701707338484e-06,
    "rrmse": 0.5040771136531376
}