{
    "rmse": 0.0008958398281066298,
    "mse": 8.025289976221159e-07,
    "mae": 0.000651789304974915,
    "max": 0.004429703398663207,
    "lp4": 8.085642084832782e-06,
    "rrmse": 0.5040781207378011
}