{
    "rmse": 0.0008108009629124305,
    "mae": 0.0005905476883102384,
    "max": 0.004429533434906957,
    "lp4": 7.953748627556095e-06,
    "rrmse": 0.5008245373311669
}