{
    "rmse": 0.0008958356101980111,
    "mae": 0.000651787706273416,
    "max": 0.004429773809498522,
    "lp4": 8.08563605356364e-06,
    "rrmse": 0.5040757473721802
}