{
    "rmse": 0.0008958424876950576,
    "mae": 0.0006517935896199335,
    "max": 0.004429733678528024,
    "lp4": 8.0856647441446e-06,
    "rrmse": 0.5040796172556993
}