{
    "rmse": 0.0008108069743548008,
    "mae": 0.0005905519388575839,
    "max": 0.004429791302213645,
    "lp4": 7.953876299002274e-06,
    "rrmse": 0.5008282505456073
}