{
    "rmse": 0.0009135991556868754,
    "mae": 0.0006368105601338276,
    "max": 0.0053419158581575615,
    "lp4": 9.44365825087996e-06,
    "rrmse": 0.5643220659352393
}