{
    "rmse": 3.8817868432083125,
    "mae": 3.207196904461307,
    "max": 8.27650184850063,
    "lp4": 0.15668915367068822,
    "rrmse": 0.8718230673236164
}