{
    "rmse": 8.354904747684923,
    "mae": 5.3823436183188615,
    "max": 22.18951420864323,
    "lp4": 0.41369734051594687,
    "rrmse": 1.87645509105365
}