{
    "rmse": 3.7590635999759114,
    "mae": 3.0699706685032218,
    "max": 8.276383592885395,
    "lp4": 0.14227240477363579,
    "rrmse": 0.8728818455569717
}