{
    "rmse": 3.8817749200200384,
    "mae": 3.207179276544469,
    "max": 8.276471330922504,
    "lp4": 0.1566887995689751,
    "rrmse": 0.8718203894561822
}