{
    "rmse": 9.892342588032548,
    "mse": 97.85844187900248,
    "mae": 8.078909092097144,
    "max": 21.780227867668145,
    "lp4": 0.374403954630583,
    "rrmse": 0.8728880184330087
}