{
    "rmse": 3.759059506919692,
    "mae": 3.0699757547662427,
    "max": 8.27644844273891,
    "lp4": 0.14227217737211853,
    "rrmse": 0.8728808951196162
}