{
    "rmse": 3.7590762963579594,
    "mae": 3.0699840381088768,
    "max": 8.276383592885395,
    "lp4": 0.1422729068685725,
    "rrmse": 0.8728847937490144
}