{
    "rmse": 3.2270876284379426,
    "mae": 2.431096250167077,
    "max": 8.276444628041645,
    "lp4": 0.10304255430880412,
    "rrmse": 0.0001746088494080416
}