{
    "rmse": 0.6626107561705484,
    "mae": 0.4533089740120431,
    "max": 7.763498170232164,
    "lp4": 0.0003703395375456934,
    "rrmse": 0.88892862741163
}