{
    "rmse": 0.6626104524481681,
    "mae": 0.45330888182380524,
    "max": 7.763509808423565,
    "lp4": 0.0003703394406582877,
    "rrmse": 0.8889282199514188
}