{
    "rmse": 0.6684889155349533,
    "mae": 0.451677748106833,
    "max": 7.7635165482913076,
    "lp4": 0.00040640439541565434,
    "rrmse": 0.9086975507062026
}