{
    "rmse": 662.6105430805076,
    "mse": 439052.7318014452,
    "mae": 453.30887524657305,
    "max": 7763.491534981394,
    "lp4": 0.37033932821368504,
    "rrmse": 0.8889283415396672
}