{
    "rmse": 0.6453451406905288,
    "mae": 0.435569594202874,
    "max": 7.763505863002523,
    "lp4": 0.00039504067195141117,
    "rrmse": 0.8772375054810777
}