{
    "rmse": 0.6453450528428543,
    "mae": 0.4355696857550479,
    "max": 7.763479020185545,
    "lp4": 0.0003950405596767794,
    "rrmse": 0.8772373860670307
}