{
    "rmse": 0.6626103741422764,
    "mae": 0.45330880230665993,
    "max": 7.763492049421743,
    "lp4": 0.00037033920966919197,
    "rrmse": 0.8889281148997755
}