{
    "rmse": 0.6628644877627909,
    "mae": 0.45332784869652026,
    "max": 7.763491097128911,
    "lp4": 0.0003679658108900845,
    "rrmse": 0.882502730013427
}