{
    "rmse": 0.005873691162608593,
    "mae": 0.0049178625314454105,
    "max": 0.01422756482230595,
    "lp4": 0.00023093607871040023,
    "rrmse": 0.6744873323844149
}