{
    "rmse": 0.003493278731657026,
    "mae": 0.0032901988198491866,
    "max": 0.0068980529446728955,
    "lp4": 0.00012649228935855884,
    "rrmse": 0.3984991683457038
}