{
    "rmse": 0.00552301987069875,
    "mae": 0.004550564438968188,
    "max": 0.014226932840568536,
    "lp4": 0.0002440597648241412,
    "rrmse": 0.630043862599607
}