{
    "rmse": 0.005017403273885821,
    "mae": 0.0037288225045928086,
    "max": 0.01422726669712241,
    "lp4": 0.0001672385052390024,
    "rrmse": 0.6622329622643011
}