{
    "rmse": 0.0058737043204181135,
    "mse": 3.4500402443698414e-05,
    "mae": 0.004917881912014273,
    "max": 0.01422766267453119,
    "lp4": 0.0002309362301198783,
    "rrmse": 0.6744888433211663
}