{
    "rmse": 0.00552303115584,
    "mae": 0.004550558382584088,
    "max": 0.014226693376350213,
    "lp4": 0.00024406164862467543,
    "rrmse": 0.6300451499630693
}