{
    "rmse": 0.005873677667941414,
    "mae": 0.0049178767754446545,
    "max": 0.014227155068956658,
    "lp4": 0.00023093443720670616,
    "rrmse": 0.6744857827656462
}