{
    "rmse": 0.005873654559660485,
    "mae": 0.004917857127509309,
    "max": 0.014226899071609476,
    "lp4": 0.00023093297662922857,
    "rrmse": 0.674483129196991
}