{
    "rmse": 0.0032901923448012626,
    "mae": 0.0018969231757197842,
    "max": 0.015902475074138164,
    "lp4": 3.672502445945027e-05,
    "rrmse": 0.5961704503965829
}