{
    "rmse": 0.0032901845488519546,
    "mae": 0.0018969222449395306,
    "max": 0.0159020283148761,
    "lp4": 3.672472671804748e-05,
    "rrmse": 0.5961690377999553
}