{
    "rmse": 0.00350751523810255,
    "mse": 1.2302663145521589e-05,
    "mae": 0.0020537115942214934,
    "max": 0.015902539149638576,
    "lp4": 3.48954942563027e-05,
    "rrmse": 0.6238899042039092
}