{
    "rmse": 0.003507487004441811,
    "mae": 0.0020536988544519537,
    "max": 0.015901989076659694,
    "lp4": 3.489504762457505e-05,
    "rrmse": 0.623884882216919
}