{
    "rmse": 0.0030089561088490297,
    "mae": 0.0016046849334839747,
    "max": 0.015902086701321125,
    "lp4": 2.5278509554159952e-05,
    "rrmse": 0.6219794595475159
}