{
    "rmse": 0.0022141203331392982,
    "mae": 0.0015196539436964143,
    "max": 0.008988656835597407,
    "lp4": 2.0324045584114832e-05,
    "rrmse": 0.40119025817003384
}