{
    "rmse": 0.0035074992833627307,
    "mae": 0.0020537119746850446,
    "max": 0.015902432892697205,
    "lp4": 3.4895215368745445e-05,
    "rrmse": 0.6238870662971798
}