{
    "rmse": 0.0035075085726664207,
    "mae": 0.0020537097714359433,
    "max": 0.015902490189040237,
    "lp4": 3.489547301059962e-05,
    "rrmse": 0.6238887186072615
}