{
    "rmse": 0.03471818056113224,
    "mae": 0.012103982321060889,
    "max": 3.068753892477445,
    "lp4": 0.0001251267698815965,
    "rrmse": 0.5375765394960109
}