{
    "rmse": 0.03731505744287901,
    "mae": 0.012997396795800175,
    "max": 2.99340382776915,
    "lp4": 0.00012156620516074674,
    "rrmse": 0.5260443338245706
}