{
    "rmse": 0.1069298795204364,
    "mae": 0.04941366109132766,
    "max": 4.214263473217433,
    "lp4": 0.00022424868429414386,
    "rrmse": 0.16910006799959293
}