{
    "all": {
        "vib": 0.002160037678159129,
        "rot": 0.009406404430803072,
        "trans": 0.012099264546509118
    },
    "trans": {
        "vib": 0.0022609618112923967,
        "rot": 0.011698451199117816,
        "trans": 0.02670280020987432
    },
    "rot": {
        "vib": 0.0016500433809946164,
        "rot": 0.01917066320365405,
        "trans": 0.01677033422650455
    },
    "vib": {
        "vib": 0.0028520609572693914,
        "rot": 0.00888601028791717,
        "trans": 0.011008213192563926
    }
}