{
    "rmse": 0.00020759624258481858,
    "mae": 0.00010094811515418909,
    "max": 0.0016737410931735724,
    "lp4": 4.909600208611116e-06,
    "rrmse": 0.16982943492664918
}