{
    "rmse": 1.943360108286412,
    "mae": 1.6757408794839284,
    "max": 3.6751356813983875,
    "lp4": 0.12462019422477563,
    "rrmse": 0.281818202608969
}