{
    "rmse": 0.12261207437903542,
    "mae": 0.07740525126249723,
    "max": 1.5616744630886326,
    "lp4": 0.00015197317446484499,
    "rrmse": 0.19816243196823816
}