{
    "rmse": 0.0014199334061279474,
    "mae": 0.0011315035238921621,
    "max": 0.006571731484011457,
    "lp4": 0.0001329896101399548,
    "rrmse": 0.24637240992947682
}