{
    "rmse": 0.0008456751696414174,
    "mae": 0.00042890044584414195,
    "max": 0.008188181309440584,
    "lp4": 2.056931218585635e-05,
    "rrmse": 0.23846484378944235
}