{
    "rmse": 0.027144518815792704,
    "mae": 0.012116804318372967,
    "max": 0.7897602512461848,
    "lp4": 0.00011421227943382258,
    "rrmse": 0.3522315109406189
}