{
    "rmse": 0.02697474832171006,
    "mae": 0.011751580377115005,
    "max": 0.4042936798833479,
    "lp4": 8.800997686113285e-05,
    "rrmse": 0.32167065007706186
}