{
    "rmse": 0.14996330689265025,
    "mae": 0.07983122081405711,
    "max": 4.197042128208202,
    "lp4": 0.0006150941183771638,
    "rrmse": 0.3200792845609369
}