{
    "all": {
        "vib": 0.0019301616469258153,
        "rot": 0.010423251054168109,
        "trans": 0.008217139131885768
    },
    "trans": {
        "vib": 0.0022047247125163306,
        "rot": 0.006402509678699356,
        "trans": 0.014724665560223983
    },
    "rot": {
        "vib": 0.0023661907871016887,
        "rot": 0.019671385272131636,
        "trans": 0.012815689937590132
    },
    "vib": {
        "vib": 0.005212235464218447,
        "rot": 0.012639528270583037,
        "trans": 0.007836120506968318
    }
}