{
    "rmse": 33.10703641465792,
    "mse": 1096.0758601614855,
    "mae": 12.037726107443971,
    "max": 3070.4822500858127,
    "lp4": 0.09548134422020922,
    "rrmse": 0.583475176357473
}