{
    "rmse": 0.033107133205993414,
    "mae": 0.012037747484827454,
    "max": 3.0705055455683605,
    "lp4": 9.548185425777941e-05,
    "rrmse": 0.5834768821985166
}