{
    "rmse": 33.10707754981429,
    "mse": 1096.0785838894176,
    "mae": 12.03778392992262,
    "max": 3070.488528523969,
    "lp4": 0.09548143360213214,
    "rrmse": 0.5834759013194515
}