{
    "rmse": 0.03306242344987363,
    "mae": 0.012010922415493945,
    "max": 3.0705160437574968,
    "lp4": 9.4540764341268e-05,
    "rrmse": 0.5848762620685873
}