{
    "rmse": 0.03310703641465792,
    "mae": 0.012037726107443969,
    "max": 3.0704822500858127,
    "lp4": 9.548134422020921e-05,
    "rrmse": 0.583475176357473
}