{
    "rmse": 35.80610207497694,
    "mse": 1282.076945803668,
    "mae": 12.923814158121806,
    "max": 3006.482775652127,
    "lp4": 0.09318527448334865,
    "rrmse": 0.6105906644260077
}