{
    "rmse": 35.80623306183074,
    "mse": 1282.0863260781407,
    "mae": 12.92381817501555,
    "max": 3006.4670795776024,
    "lp4": 0.09318520944090965,
    "rrmse": 0.6105928981053378
}