{
    "rmse": 0.03575892347828974,
    "mae": 0.01290612039018232,
    "max": 3.006479579126515,
    "lp4": 9.226677051510635e-05,
    "rrmse": 0.6119945862145562
}