{
    "rmse": 0.03580623306183074,
    "mae": 0.012923818175015554,
    "max": 3.006467079577602,
    "lp4": 9.318520944090964e-05,
    "rrmse": 0.6105928981053378
}