{
    "rmse": 0.035806198730265484,
    "mae": 0.012923830901047265,
    "max": 3.006477281516109,
    "lp4": 9.31852108942894e-05,
    "rrmse": 0.6105923126595052
}