{
    "rmse": 77.03564658599451,
    "mse": 5934.490844922248,
    "mae": 40.72435944733645,
    "max": 3493.8523352357133,
    "lp4": 0.12570828049238605,
    "rrmse": 0.11391043713768073
}