{
    "rmse": 0.07703559483947046,
    "mae": 0.04072423824770223,
    "max": 3.4938361206575825,
    "lp4": 0.00012570879289952502,
    "rrmse": 0.1139103606215556
}