{
    "rmse": 0.07775586350914956,
    "mae": 0.04107061549598901,
    "max": 3.4938628357306323,
    "lp4": 0.00012485477379810652,
    "rrmse": 0.11431561877464144
}