{
    "rmse": 77.03559483947048,
    "mse": 5934.48287227105,
    "mae": 40.72423824770222,
    "max": 3493.8361206575823,
    "lp4": 0.12570879289952502,
    "rrmse": 0.1139103606215556
}