{
    "rmse": 0.07703568236934272,
    "mae": 0.04072430389961758,
    "max": 3.4938469120695843,
    "lp4": 0.00012570931280333177,
    "rrmse": 0.11391049004950815
}