{
    "all": {
        "vib": 0.001228176841645307,
        "rot": 0.010376249366023623,
        "trans": 0.01647835124860067
    },
    "trans": {
        "vib": 0.0030007981902659088,
        "rot": 0.006729585905342924,
        "trans": 0.022737441105157685
    },
    "rot": {
        "vib": 0.0015818744449250745,
        "rot": 0.01521637967499537,
        "trans": 0.02360293341301155
    },
    "vib": {
        "vib": 0.004084115543939708,
        "rot": 0.008772554396201396,
        "trans": 0.013532478003874181
    }
}