{
    "all": {
        "vib": 0.0012965490157694232,
        "rot": 0.010304686208564756,
        "trans": 0.016267422379411624
    },
    "trans": {
        "vib": 0.002830771888330203,
        "rot": 0.007245805227511661,
        "trans": 0.023930415611845078
    },
    "rot": {
        "vib": 0.0015687382299735557,
        "rot": 0.015587171100048463,
        "trans": 0.025452629554655912
    },
    "vib": {
        "vib": 0.0041245626230421465,
        "rot": 0.00847930306501374,
        "trans": 0.013035254786334115
    }
}