{
    "all": {
        "vib": 1.2872063527597376e-06,
        "rot": 1.0282737995127991e-05,
        "trans": 1.625398933037825e-05
    },
    "trans": {
        "vib": 2.840721877392882e-06,
        "rot": 7.255314158256369e-06,
        "trans": 2.394653119558258e-05
    },
    "rot": {
        "vib": 1.5639055476200384e-06,
        "rot": 1.558717110004845e-05,
        "trans": 2.541867007559706e-05
    },
    "vib": {
        "vib": 4.12456262304215e-06,
        "rot": 8.451410620720928e-06,
        "trans": 1.3035254786334113e-05
    }
}