{
    "all": {
        "vib": 1.2965490157694268e-06,
        "rot": 1.0304686208564765e-05,
        "trans": 1.626742237941163e-05
    },
    "trans": {
        "vib": 2.830771888330208e-06,
        "rot": 7.2458052275116136e-06,
        "trans": 2.393041561184507e-05
    },
    "rot": {
        "vib": 1.568738229973558e-06,
        "rot": 1.558717110004845e-05,
        "trans": 2.5452629554655992e-05
    },
    "vib": {
        "vib": 4.124562623042144e-06,
        "rot": 8.479303065013763e-06,
        "trans": 1.3035254786334113e-05
    }
}