{
    "all": {
        "vib": 0.001301220347274264,
        "rot": 0.0102937121018464,
        "trans": 0.016240556281344888
    },
    "trans": {
        "vib": 0.0028208218992675357,
        "rot": 0.007245805227511661,
        "trans": 0.02394653119558262
    },
    "rot": {
        "vib": 0.0015735709123270763,
        "rot": 0.015587171100048465,
        "trans": 0.025401690336067557
    },
    "vib": {
        "vib": 0.004158268146318217,
        "rot": 0.00844211313928998,
        "trans": 0.013046358069797766
    }
}