{
    "rmse": 0.0349720885572318,
    "mae": 0.01359930482745696,
    "max": 3.0917685758930453,
    "lp4": 9.604502693465608e-05,
    "rrmse": 0.6163446731669905
}