{
    "rmse": 0.03497220145980425,
    "mae": 0.0135993436275357,
    "max": 3.0917661040737494,
    "lp4": 9.604501335554474e-05,
    "rrmse": 0.6163466629509008
}