{
    "rmse": 34.97215407253538,
    "mse": 1223.0515604731531,
    "mae": 13.599295263348022,
    "max": 3091.7712256628342,
    "lp4": 0.09604536571037196,
    "rrmse": 0.6163458278023022
}