{
    "rmse": 34.9720885572318,
    "mse": 1223.0469780548633,
    "mae": 13.599304827456962,
    "max": 3091.7685758930456,
    "lp4": 0.09604502693465608,
    "rrmse": 0.6163446731669905
}