{
    "rmse": 0.03491177108591768,
    "mae": 0.013556983054805865,
    "max": 3.091759922018362,
    "lp4": 9.509835732459084e-05,
    "rrmse": 0.6175913331302931
}