{
    "rmse": 38.31716969081228,
    "mse": 1468.205493114503,
    "mae": 14.50896452797166,
    "max": 3040.70160412982,
    "lp4": 0.09396138405658919,
    "rrmse": 0.6534111434818117
}