{
    "rmse": 0.03831709634838235,
    "mae": 0.014508947486681802,
    "max": 3.0406969188645614,
    "lp4": 9.396120846790417e-05,
    "rrmse": 0.6534098927954644
}