{
    "rmse": 0.03824881766743213,
    "mae": 0.014475568254265022,
    "max": 3.0407058447555317,
    "lp4": 9.3035016481673e-05,
    "rrmse": 0.6546077751973667
}