{
    "rmse": 38.31712495067557,
    "mse": 1468.2020644856843,
    "mae": 14.508961722136167,
    "max": 3040.6961615904675,
    "lp4": 0.09396117040286849,
    "rrmse": 0.653410380541748
}