{
    "rmse": 0.038317169690812274,
    "mae": 0.01450896452797166,
    "max": 3.0407016041298203,
    "lp4": 9.39613840565892e-05,
    "rrmse": 0.6534111434818117
}