{
    "rmse": 0.09575696608895723,
    "mae": 0.056866395359000364,
    "max": 3.504409868910568,
    "lp4": 0.00013066439722959116,
    "rrmse": 0.1407805962974538
}