{
    "rmse": 92.73634647809179,
    "mse": 8600.029958104687,
    "mae": 56.06675665253742,
    "max": 3504.4223214932945,
    "lp4": 0.12791871673588043,
    "rrmse": 0.13712661909157492
}