{
    "rmse": 0.09273632423869442,
    "mae": 0.056066873623389524,
    "max": 3.504407435816243,
    "lp4": 0.00012791800067316351,
    "rrmse": 0.13712658620680554
}