{
    "rmse": 92.73638150510108,
    "mse": 8600.036454659654,
    "mae": 56.06677962263391,
    "max": 3504.408929240282,
    "lp4": 0.12791819860058523,
    "rrmse": 0.13712667088502534
}