{
    "rmse": 0.09273638150510106,
    "mae": 0.0560667796226339,
    "max": 3.504408929240282,
    "lp4": 0.00012791819860058525,
    "rrmse": 0.13712667088502534
}