{
    "all": {
        "vib": 1.5621316561404661e-06,
        "rot": 8.9219487620481e-06,
        "trans": 1.3699140836936367e-05
    },
    "trans": {
        "vib": 2.318347451602595e-06,
        "rot": 5.3059833555793675e-06,
        "trans": 1.9434524035308227e-05
    },
    "rot": {
        "vib": 2.3872852494270195e-06,
        "rot": 1.4118716778609182e-05,
        "trans": 2.4043311173711073e-05
    },
    "vib": {
        "vib": 4.12039694981771e-06,
        "rot": 7.066085887511467e-06,
        "trans": 1.0115091235392163e-05
    }
}