{
    "all": {
        "vib": 0.001562131656140466,
        "rot": 0.008921948762048125,
        "trans": 0.013699140836936366
    },
    "trans": {
        "vib": 0.002318347451602595,
        "rot": 0.005305983355579392,
        "trans": 0.019434524035308237
    },
    "rot": {
        "vib": 0.0023872852494270275,
        "rot": 0.014118716778609161,
        "trans": 0.024043311173710995
    },
    "vib": {
        "vib": 0.004120396949817701,
        "rot": 0.007066085887511441,
        "trans": 0.01011509123539215
    }
}