{
    "all": {
        "vib": 1.5527889931307793e-06,
        "rot": 8.900000548611327e-06,
        "trans": 1.3658840679807246e-05
    },
    "trans": {
        "vib": 2.303422468008592e-06,
        "rot": 5.3250012170688844e-06,
        "trans": 1.9418413299091704e-05
    },
    "rot": {
        "vib": 2.4066154943616564e-06,
        "rot": 1.4159132952593741e-05,
        "trans": 2.40263314341816e-05
    },
    "vib": {
        "vib": 4.137249289080767e-06,
        "rot": 7.066085887511467e-06,
        "trans": 1.0115091235392165e-05
    }
}