{
    "all": {
        "vib": 0.0016576471692587252,
        "rot": 0.00902896672582787,
        "trans": 0.01393558625234928
    },
    "trans": {
        "vib": 0.002468967571396215,
        "rot": 0.0048157661219484695,
        "trans": 0.01822639809643705
    },
    "rot": {
        "vib": 0.0022726827985335555,
        "rot": 0.01376245080094398,
        "trans": 0.022258036922241667
    },
    "vib": {
        "vib": 0.004146239991169007,
        "rot": 0.007410184983150185,
        "trans": 0.010674277938068112
    }
}