{
    "all": {
        "vib": 0.0015668029876453157,
        "rot": 0.008932922868766478,
        "trans": 0.013658840679807202
    },
    "trans": {
        "vib": 0.0022934724789459124,
        "rot": 0.005325001217068916,
        "trans": 0.019434524035308244
    },
    "rot": {
        "vib": 0.0024017829331280036,
        "rot": 0.014132188836604007,
        "trans": 0.024026331434181532
    },
    "vib": {
        "vib": 0.004111970780186173,
        "rot": 0.007075383368942375,
        "trans": 0.010115091235392148
    }
}