{
    "rmse": 35.89615179424405,
    "mse": 1288.53371363541,
    "mae": 14.363191161613543,
    "max": 3094.4522590922343,
    "lp4": 0.095775016444435,
    "rrmse": 0.6326302734070188
}