{
    "rmse": 0.03582843913887554,
    "mae": 0.014313327673994063,
    "max": 3.094457179737599,
    "lp4": 9.483129584284416e-05,
    "rrmse": 0.6338072461950002
}