{
    "rmse": 0.035896240885843846,
    "mae": 0.014363222874794107,
    "max": 3.0944661724146214,
    "lp4": 9.577525055785018e-05,
    "rrmse": 0.6326318435486725
}