{
    "rmse": 0.03589620311012775,
    "mae": 0.014363170153052903,
    "max": 3.0944587656695832,
    "lp4": 9.577523877320768e-05,
    "rrmse": 0.6326311777931415
}