{
    "rmse": 35.89620311012776,
    "mse": 1288.5373977235456,
    "mae": 14.363170153052904,
    "max": 3094.4587656695835,
    "lp4": 0.09577523877320768,
    "rrmse": 0.6326311777931415
}