{
    "rmse": 39.865510871653996,
    "mse": 1589.258957057963,
    "mae": 15.295280302670845,
    "max": 3048.9279791113113,
    "lp4": 0.09419716689033111,
    "rrmse": 0.6798145388692418
}