{
    "rmse": 0.039865561721771144,
    "mae": 0.015295296503230712,
    "max": 3.04892699382099,
    "lp4": 9.419722847245612e-05,
    "rrmse": 0.6798154060009599
}