{
    "rmse": 0.03978486486245236,
    "mae": 0.015254090130249571,
    "max": 3.0489428005084336,
    "lp4": 9.32688106889117e-05,
    "rrmse": 0.68089639006837
}