{
    "rmse": 39.865561721771144,
    "mse": 1589.2630113923447,
    "mae": 15.295296503230709,
    "max": 3048.9269938209904,
    "lp4": 0.09419722847245611,
    "rrmse": 0.67981540600096
}