{
    "rmse": 0.03986556223652587,
    "mae": 0.01529526764862881,
    "max": 3.048936529211379,
    "lp4": 9.419754488361282e-05,
    "rrmse": 0.6798154147789172
}