{
    "rmse": 0.10065620036821753,
    "mae": 0.06233457936078272,
    "max": 3.4954595609129155,
    "lp4": 0.00012906815076758917,
    "rrmse": 0.14883748358965784
}