{
    "rmse": 0.10065619767801336,
    "mae": 0.06233460220475715,
    "max": 3.495573321482469,
    "lp4": 0.0001290692040250344,
    "rrmse": 0.14883747961172883
}