{
    "rmse": 0.1044014885153323,
    "mae": 0.06326762649940348,
    "max": 3.4954667928533683,
    "lp4": 0.00013433839486140194,
    "rrmse": 0.15348965623948696
}