{
    "rmse": 100.65584613899263,
    "mse": 10131.599361956556,
    "mae": 62.3344006826292,
    "max": 3495.4593180420197,
    "lp4": 0.12906856791723106,
    "rrmse": 0.14883695980089712
}