{
    "rmse": 100.65620036821753,
    "mse": 10131.670672566754,
    "mae": 62.33457936078271,
    "max": 3495.4595609129155,
    "lp4": 0.12906815076758918,
    "rrmse": 0.14883748358965784
}