{
    "all": {
        "vib": 0.002361078029960297,
        "rot": 0.008559803240341356,
        "trans": 0.012422968184485468
    },
    "trans": {
        "vib": 0.0026815220523901243,
        "rot": 0.004621340341956245,
        "trans": 0.01823461093790682
    },
    "rot": {
        "vib": 0.003005853087335244,
        "rot": 0.013579834458814877,
        "trans": 0.02572430538712725
    },
    "vib": {
        "vib": 0.005384322394547055,
        "rot": 0.0072148455904064174,
        "trans": 0.008194223196179375
    }
}