{
    "all": {
        "vib": 2.361078029960297e-06,
        "rot": 8.55980324034134e-06,
        "trans": 1.2422968184485465e-05
    },
    "trans": {
        "vib": 2.68152205239013e-06,
        "rot": 4.621340341956216e-06,
        "trans": 1.8234610937906813e-05
    },
    "rot": {
        "vib": 3.005853087335242e-06,
        "rot": 1.3579834458814938e-05,
        "trans": 2.572430538712729e-05
    },
    "vib": {
        "vib": 5.384322394547057e-06,
        "rot": 7.214845590406437e-06,
        "trans": 8.194223196179414e-06
    }
}