{
    "all": {
        "vib": 2.356406698455451e-06,
        "rot": 8.526880920186199e-06,
        "trans": 1.2396101413066051e-05
    },
    "trans": {
        "vib": 2.68649704692146e-06,
        "rot": 4.640358203445754e-06,
        "trans": 1.8218502624357398e-05
    },
    "rot": {
        "vib": 3.0010205261015854e-06,
        "rot": 1.3579834458814937e-05,
        "trans": 2.574128512665674e-05
    },
    "vib": {
        "vib": 5.409600903441655e-06,
        "rot": 7.224143071837387e-06,
        "trans": 8.194223196179415e-06
    }
}