{
    "all": {
        "vib": 0.002361078029960296,
        "rot": 0.008559803240341356,
        "trans": 0.01239610141306604
    },
    "trans": {
        "vib": 0.002681522052390119,
        "rot": 0.00462134034195625,
        "trans": 0.01821850262435744
    },
    "rot": {
        "vib": 0.0029961879648679225,
        "rot": 0.013579834458814877,
        "trans": 0.025639406689479956
    },
    "vib": {
        "vib": 0.0054096009034416475,
        "rot": 0.007205548108975482,
        "trans": 0.008172016629252042
    }
}