{
    "all": {
        "vib": 0.002272831408349673,
        "rot": 0.00867041570061451,
        "trans": 0.012672080650221533
    },
    "trans": {
        "vib": 0.0028320434129870944,
        "rot": 0.004406976481370118,
        "trans": 0.017071494769237756
    },
    "rot": {
        "vib": 0.002918603172853617,
        "rot": 0.013244547991018474,
        "trans": 0.023922346329569393
    },
    "vib": {
        "vib": 0.005447675481354843,
        "rot": 0.007548262964202664,
        "trans": 0.008794461740941796
    }
}