{
    "epoch": 2047.0,
    "epoch_time": 4.072777271270752,
    "train_energy_mae": 0.2542557023411027,
    "train_forces_mae": 0.0238331598658128,
    "train_loss": 0.0513990004266695,
    "train_stress_mae": 3.01356823707741,
    "val_energy_mae": 0.1729487267880881,
    "val_forces_mae": 0.0335212817200524,
    "val_loss": 0.1057798442058382,
    "val_stress_mae": 2.6934048707504266
}