{
    "mean": 1.0052283443792207,
    "std": 0.07509186809652099,
    "max": 1.271511692128115
}