{
    "epoch": 2047.0,
    "epoch_time": 2.6667964458465576,
    "train_energy_mae": 0.5949345154425517,
    "train_forces_mae": 0.0357347968234364,
    "train_loss": 0.0581732233462216,
    "train_stress_mae": 5.512347714892032,
    "val_energy_mae": 0.5205867984160432,
    "val_forces_mae": 0.0429839338572038,
    "val_loss": 0.106047500439169,
    "val_stress_mae": 5.451376577196964
}