{
    "rmse": 0.00018362032935580712,
    "mae": 9.436972561595544e-05,
    "max": 0.001244500283022986,
    "lp4": 4.055584795355613e-06,
    "rrmse": 0.15021532368439128
}