{
    "rmse": 9.849510798175343,
    "mae": 8.959738689798687,
    "max": 13.827804012064007,
    "lp4": 0.5737008882387058,
    "rrmse": 1.4283361163397486
}