{
    "rmse": 0.11252538017491519,
    "mae": 0.06649775323003118,
    "max": 1.235472806626442,
    "lp4": 0.00014169088494761045,
    "rrmse": 0.18186058026128946
}