{
    "rmse": 0.0030924403076888346,
    "mae": 0.0022657936837448766,
    "max": 0.011024099541787236,
    "lp4": 0.00025759721099756304,
    "rrmse": 0.5365688051850077
}