{
    "rmse": 0.0017948385565909838,
    "mae": 0.0008089007331470898,
    "max": 0.012147501087174727,
    "lp4": 3.805924113623099e-05,
    "rrmse": 0.5061114614565542
}