{
    "rmse": 0.0001556801268883273,
    "mae": 0.00010150061377938135,
    "max": 0.0010737951119900273,
    "lp4": 2.899940032714248e-06,
    "rrmse": 0.12735812387332265
}