{
    "rmse": 5.310308666621949,
    "mae": 4.720451211678156,
    "max": 8.311792327323928,
    "lp4": 0.31855076193735854,
    "rrmse": 0.7700794296152489
}