{
    "rmse": 0.12999596183343312,
    "mae": 0.08527838586850738,
    "max": 1.3069608514216022,
    "lp4": 0.00015039160104919435,
    "rrmse": 0.2100960780039454
}