{
    "rmse": 0.0022701412547991933,
    "mae": 0.0017780388902331303,
    "max": 0.006553553913813372,
    "lp4": 0.0001754582605817868,
    "rrmse": 0.3938918328221981
}