{
    "rmse": 0.001319880073146187,
    "mae": 0.0006516892994026064,
    "max": 0.0073249350378793866,
    "lp4": 2.598704988426284e-05,
    "rrmse": 0.3721819047815501
}