{
    "rmse": 0.000256262602554976,
    "mae": 0.000190497412202012,
    "max": 0.001215806334241954,
    "lp4": 2.257893148215698e-06,
    "rrmse": 0.14419583396320573
}