{
    "rmse": 0.0002562662181067229,
    "mae": 0.0001904983674952651,
    "max": 0.001215599273610977,
    "lp4": 2.257880970491454e-06,
    "rrmse": 0.14419786838997803
}