{
    "rmse": 0.0002791978917394134,
    "mae": 0.00020301106048964453,
    "max": 0.0018281868787197813,
    "lp4": 2.1107998283862652e-06,
    "rrmse": 0.1751477972377403
}