{
    "rmse": 0.00024606518316660575,
    "mae": 0.0001817141220103058,
    "max": 0.0012157949636161724,
    "lp4": 2.392081654318443e-06,
    "rrmse": 0.15199227325786252
}