{
    "rmse": 0.0002562639707304831,
    "mse": 6.567122269455389e-08,
    "mae": 0.00019049576532603667,
    "max": 0.0012157025303799437,
    "lp4": 2.2579077668515163e-06,
    "rrmse": 0.1441966038188393
}