{
    "rmse": 0.00025626726341142767,
    "mae": 0.00019049721130037883,
    "max": 0.0012159530860032274,
    "lp4": 2.2579972622693525e-06,
    "rrmse": 0.14419845657015784
}