{
    "rmse": 4.097377317282528,
    "mae": 2.4381377086685028,
    "max": 10.193082857738773,
    "lp4": 0.1827006410395834,
    "rrmse": 0.9514407456888372
}