{
    "rmse": 4.097380428597273,
    "mae": 2.4381493707430004,
    "max": 10.193166781078617,
    "lp4": 0.18270127530586835,
    "rrmse": 0.9514414681586982
}