{
    "rmse": 3.5006514506176236,
    "mae": 1.9187679343570285,
    "max": 10.193010378490726,
    "lp4": 0.13230216592083055,
    "rrmse": 0.00018941063657041296
}