{
    "rmse": 4.097359250423413,
    "mae": 2.438132949379533,
    "max": 10.19306759894971,
    "lp4": 0.18269917270797684,
    "rrmse": 0.9514365504330485
}