{
    "rmse": 3.706807654492571,
    "mae": 1.9998994381043687,
    "max": 10.193105745922367,
    "lp4": 0.1918982539889348,
    "rrmse": 0.8325239251538542
}