{
    "rmse": 10.782580075256329,
    "mse": 116.26403307931476,
    "mae": 6.416182554587639,
    "max": 26.824123108119238,
    "lp4": 0.4807928297522944,
    "rrmse": 0.9514414681586209
}