{
    "rmse": 10.782460384696392,
    "mse": 116.26145194754707,
    "mae": 6.416046984644102,
    "max": 26.823741638378124,
    "lp4": 0.4807862544382221,
    "rrmse": 0.9514309068123312
}