{
    "rmse": 0.12728114777368918,
    "mae": 0.06370596566183852,
    "max": 7.681545454960674,
    "lp4": 0.00023315379252318612,
    "rrmse": 0.1694553901486415
}