{
    "rmse": 121.96144279974213,
    "mse": 14874.593529794773,
    "mae": 62.264245682358705,
    "max": 7681.529921018463,
    "lp4": 0.23485889485381295,
    "rrmse": 0.16361795659895992
}