{
    "rmse": 0.12268422751220108,
    "mae": 0.06076575068852634,
    "max": 7.681564901267326,
    "lp4": 0.00025951072206114364,
    "rrmse": 0.1667684451602407
}