{
    "rmse": 0.12196112426987224,
    "mae": 0.0622640628258589,
    "max": 7.681518057243436,
    "lp4": 0.00023485818875815576,
    "rrmse": 0.16361752927369028
}