{
    "rmse": 0.12196185622939311,
    "mae": 0.06226459561851145,
    "max": 7.68155427306463,
    "lp4": 0.0002348584627480216,
    "rrmse": 0.1636185112374845
}