{
    "rmse": 0.12196118211773074,
    "mae": 0.06226427955120094,
    "max": 7.6815083750629825,
    "lp4": 0.00023485806245433574,
    "rrmse": 0.1636176068797614
}