{
    "rmse": 121.96185622939312,
    "mse": 14874.694374919156,
    "mae": 62.26459561851145,
    "max": 7681.554273064629,
    "lp4": 0.23485846274802158,
    "rrmse": 0.1636185112374845
}