{
    "rmse": 0.006153525370823485,
    "mse": 3.7865874489368306e-05,
    "mae": 0.005469975085586863,
    "max": 0.013443123422426519,
    "lp4": 0.00023298188838544293,
    "rrmse": 0.7066212364974366
}