{
    "rmse": 0.0061535755895609666,
    "mse": 3.7866492536440594e-05,
    "mae": 0.005470009498014469,
    "max": 0.01344352319837757,
    "lp4": 0.00023298447606530457,
    "rrmse": 0.7066270032123254
}