{
    "rmse": 0.005873304761416446,
    "mae": 0.0051842447020104925,
    "max": 0.013443302748891849,
    "lp4": 0.00024647128414747243,
    "rrmse": 0.6700029521420707
}