{
    "rmse": 0.005246007595098498,
    "mae": 0.0040785685760647665,
    "max": 0.013443427783124434,
    "lp4": 0.00016871578755041944,
    "rrmse": 0.6924058043818621
}