{
    "rmse": 0.006153572790618969,
    "mae": 0.005470002741932498,
    "max": 0.013443366396961358,
    "lp4": 0.00023298432663241913,
    "rrmse": 0.7066266818043949
}