{
    "rmse": 0.006153576756614942,
    "mae": 0.0054700132327771865,
    "max": 0.01344347264803572,
    "lp4": 0.0002329845182269651,
    "rrmse": 0.7066271372273938
}