{
    "rmse": 0.0035619997019670853,
    "mae": 0.0019470211150987575,
    "max": 0.01378609292448793,
    "lp4": 3.414116883626e-05,
    "rrmse": 0.6335811826826978
}