{
    "rmse": 0.003041625118040591,
    "mae": 0.0014914101663068735,
    "max": 0.013786200088491136,
    "lp4": 2.4724977374885647e-05,
    "rrmse": 0.6287324502678401
}