{
    "rmse": 0.0035619698743556663,
    "mse": 1.2687629385817322e-05,
    "mae": 0.0019470042201992386,
    "max": 0.013785784380985544,
    "lp4": 3.4140789052194435e-05,
    "rrmse": 0.6335758771759878
}