{
    "rmse": 0.003561998694592936,
    "mse": 1.2687834700281779e-05,
    "mae": 0.0019470235363493289,
    "max": 0.013785992782207226,
    "lp4": 3.414114290481504e-05,
    "rrmse": 0.6335810034987117
}