{
    "rmse": 0.003561997342927808,
    "mae": 0.0019470176370063041,
    "max": 0.013785968094917445,
    "lp4": 3.4141137520678815e-05,
    "rrmse": 0.6335807630748874
}