{
    "rmse": 0.003399870244758248,
    "mae": 0.0018484137569995272,
    "max": 0.01378601964519062,
    "lp4": 3.610693132883117e-05,
    "rrmse": 0.6160436724345659
}