{
    "rmse": 0.0003887126506346015,
    "mae": 0.00020529018104236305,
    "max": 0.0030705864400657175,
    "lp4": 5.498455803134693e-06,
    "rrmse": 0.25103058898251857
}