{
    "rmse": 17.626799937164567,
    "mae": 6.471414426840541,
    "max": 59.76787449110998,
    "lp4": 1.0739920886943553,
    "rrmse": 3.8562866211297844
}