{
    "rmse": 0.2076758709731008,
    "mae": 0.06706286974905594,
    "max": 7.689757401025766,
    "lp4": 0.0003010564244309297,
    "rrmse": 0.2807127965841493
}