{
    "rmse": 0.0021154949691643598,
    "mae": 0.001678444667917701,
    "max": 0.009582071598490803,
    "lp4": 0.00011729089243629042,
    "rrmse": 0.28311353232909003
}