{
    "rmse": 0.0012817451045156946,
    "mae": 0.0006933228221702575,
    "max": 0.010640235639165708,
    "lp4": 1.7822231864636103e-05,
    "rrmse": 0.273657327917373
}