{
    "rmse": 0.000293333341291734,
    "mae": 0.00016626405721376628,
    "max": 0.0030327275686053653,
    "lp4": 4.929111839426109e-06,
    "rrmse": 0.20033122110175186
}