{
    "rmse": 16.103801866433454,
    "mae": 4.42888323431689,
    "max": 83.96466916104691,
    "lp4": 1.2243510433808058,
    "rrmse": 3.4295147008259312
}