{
    "rmse": 0.16862083238114559,
    "mae": 0.05504310303214443,
    "max": 7.695165585866017,
    "lp4": 0.00030447007298647184,
    "rrmse": 0.22624712204328326
}