{
    "rmse": 0.001652347429691799,
    "mae": 0.0011948283913711703,
    "max": 0.010237277512566728,
    "lp4": 0.00012235485434013404,
    "rrmse": 0.29220613883673247
}