{
    "rmse": 0.00099806235205175,
    "mae": 0.0005104129826157075,
    "max": 0.011168582268129112,
    "lp4": 1.816467036482502e-05,
    "rrmse": 0.27734323481354045
}