{
    "rmse": 1.4204133193859036,
    "mae": 0.93504186883074,
    "max": 4.315892659680685,
    "lp4": 0.199585275349342,
    "rrmse": 0.0916644046782502
}