{
    "rmse": 1.4324529592580943,
    "mae": 1.02497976087155,
    "max": 4.315789662854513,
    "lp4": 0.16812004365119426,
    "rrmse": 0.0997989979651897
}