{
    "rmse": 0.15714593495447043,
    "mae": 0.0831013182066331,
    "max": 3.3258426384103625,
    "lp4": 0.0004357454352888664,
    "rrmse": 0.21966724838527216
}