{
    "rmse": 0.16492055948521947,
    "mae": 0.08464421300256318,
    "max": 3.325854938063351,
    "lp4": 0.0005224035928747247,
    "rrmse": 0.24595386641541023
}