{
    "epoch": 2047.0,
    "epoch_time": 2.0596089363098145,
    "train_energy_mae": 1.1284776515448356,
    "train_forces_mae": 0.0403285077487908,
    "train_loss": 0.0782068116884379,
    "train_stress_mae": 9.666951217779244,
    "val_energy_mae": 0.6073299090526073,
    "val_forces_mae": 0.0472279209117574,
    "val_loss": 0.1527377771251901,
    "val_stress_mae": 9.579005181850302
}