{
    "rmse": 0.00011429632979833464,
    "mae": 5.248484944559824e-05,
    "max": 0.000741755731527191,
    "lp4": 2.568900723944593e-06,
    "rrmse": 0.09350304640465883
}