{
    "rmse": 5.406150410955437,
    "mae": 4.774227680323966,
    "max": 8.276343622492277,
    "lp4": 0.323865303069229,
    "rrmse": 0.7839780107417228
}