{
    "rmse": 0.08299977449171106,
    "mae": 0.04417079227255896,
    "max": 1.4457238962524295,
    "lp4": 0.00012618623614125634,
    "rrmse": 0.13414206756871438
}