{
    "rmse": 0.0017271146967391782,
    "mae": 0.0010927750671969022,
    "max": 0.006826018899178603,
    "lp4": 0.00015680344087034534,
    "rrmse": 0.29967138474514254
}