{
    "rmse": 0.001003679253000109,
    "mae": 0.0004030426765572587,
    "max": 0.007555391073867504,
    "lp4": 2.3117256598840526e-05,
    "rrmse": 0.2830190892123047
}