{
    "rmse": 0.03449583061334051,
    "mae": 0.011951480228090873,
    "max": 3.0704890578610766,
    "lp4": 0.00011789948615733031,
    "rrmse": 0.6261866323390849
}