{
    "rmse": 0.037260752906797215,
    "mae": 0.01300035132933892,
    "max": 3.006482068340946,
    "lp4": 0.00011503089750982723,
    "rrmse": 0.6639112966357573
}