{
    "rmse": 0.11235420081843157,
    "mae": 0.04657947015105301,
    "max": 3.4938529467549615,
    "lp4": 0.00020542093358286287,
    "rrmse": 0.17266894513298683
}