{
    "all": {
        "vib": 0.003210831676925122,
        "rot": 0.011821049542769985,
        "trans": 0.01948108181580681
    },
    "trans": {
        "vib": 0.004412527502557922,
        "rot": 0.008457354874168266,
        "trans": 0.0294102763576361
    },
    "rot": {
        "vib": 0.0024449941978470467,
        "rot": 0.019704073528476532,
        "trans": 0.025065091970101247
    },
    "vib": {
        "vib": 0.007043811804106709,
        "rot": 0.010049483605497098,
        "trans": 0.013990137164208681
    }
}