{
    "epoch": 2047.0,
    "epoch_time": 2.807672500610352,
    "train_energy_mae": 0.4987513214878668,
    "train_forces_mae": 0.0373204285621136,
    "train_loss": 0.0639685379698618,
    "train_stress_mae": 5.9297570397544135,
    "val_energy_mae": 0.3971367324218399,
    "val_forces_mae": 0.0435443268973942,
    "val_loss": 0.1046650630604838,
    "val_stress_mae": 5.7873276177469535
}