{
    "mean": 0.10615327100511138,
    "std": 0.07824976522513435,
    "max": 0.4705825350465602
}