{
    "rmse": 0.03556381495487042,
    "mae": 0.013939673881910537,
    "max": 3.0818287074705872,
    "lp4": 9.619897636870669e-05,
    "rrmse": 0.6267732014077334
}