{
    "rmse": 35.56380465407821,
    "mse": 1264.784201473435,
    "mae": 13.939710701947222,
    "max": 3081.814971210803,
    "lp4": 0.09619882270738495,
    "rrmse": 0.6267730198675776
}