{
    "rmse": 35.563833602151064,
    "mse": 1264.786260481489,
    "mae": 13.93966346598505,
    "max": 3081.8320887202717,
    "lp4": 0.09619910577297253,
    "rrmse": 0.6267735300455863
}