{
    "rmse": 0.03549869367917394,
    "mae": 0.013893957857181775,
    "max": 3.0818528060273906,
    "lp4": 9.525107987184851e-05,
    "rrmse": 0.6279740291534013
}