{
    "rmse": 0.035563804654078206,
    "mae": 0.013939710701947218,
    "max": 3.0818149712108025,
    "lp4": 9.619882270738493e-05,
    "rrmse": 0.6267730198675775
}