{
    "rmse": 38.808383255526664,
    "mse": 1506.0906109078423,
    "mae": 14.70529856380241,
    "max": 3040.166708906952,
    "lp4": 0.09396629970614165,
    "rrmse": 0.6617876603175729
}