{
    "rmse": 0.038735940561295125,
    "mae": 0.014669838254352169,
    "max": 3.0401654581846107,
    "lp4": 9.303982103938064e-05,
    "rrmse": 0.6629446193992431
}