{
    "rmse": 38.808312946655334,
    "mse": 1506.085153765536,
    "mae": 14.705323850842897,
    "max": 3040.1645294933387,
    "lp4": 0.09396635202211147,
    "rrmse": 0.6617864613615857
}