{
    "rmse": 0.038808312946655335,
    "mae": 0.014705323850842897,
    "max": 3.0401645294933384,
    "lp4": 9.396635202211147e-05,
    "rrmse": 0.6617864613615857
}