{
    "rmse": 0.038808270659020046,
    "mae": 0.014705226234369003,
    "max": 3.040167078240125,
    "lp4": 9.396623798858685e-05,
    "rrmse": 0.6617857402432894
}