{
    "rmse": 0.10161923219640887,
    "mae": 0.060223245756379336,
    "max": 3.497041125293708,
    "lp4": 0.0001347377181989412,
    "rrmse": 0.14939922063330321
}