{
    "rmse": 0.09786767206582098,
    "mae": 0.05934768110424218,
    "max": 3.497022627000229,
    "lp4": 0.00012825933772819646,
    "rrmse": 0.14471416546390936
}