{
    "rmse": 0.09786754817755083,
    "mae": 0.05934766258568793,
    "max": 3.4970306451262934,
    "lp4": 0.00012825932741918845,
    "rrmse": 0.14471398227381965
}