{
    "rmse": 97.86740369603808,
    "mse": 9578.028706203288,
    "mae": 59.34715551346889,
    "max": 3497.0362904751796,
    "lp4": 0.12826122059472883,
    "rrmse": 0.1447137686330831
}