{
    "rmse": 97.86767206582097,
    "mse": 9578.081235583073,
    "mae": 59.34768110424216,
    "max": 3497.0226270002295,
    "lp4": 0.1282593377281965,
    "rrmse": 0.14471416546390933
}