{
    "all": {
        "vib": 0.001789075126255839,
        "rot": 0.012060543283506584,
        "trans": 0.016735082977242455
    },
    "trans": {
        "vib": 0.0027163470141094766,
        "rot": 0.008833796661887564,
        "trans": 0.026911798603289974
    },
    "rot": {
        "vib": 0.0019233593709958646,
        "rot": 0.018955185598762476,
        "trans": 0.020817160663114176
    },
    "vib": {
        "vib": 0.004200817356891962,
        "rot": 0.010905945718488064,
        "trans": 0.01191382315650472
    }
}