{
    "all": {
        "vib": 1.7844039118269724e-06,
        "rot": 1.2082491496943348e-05,
        "trans": 1.670821620582307e-05
    },
    "trans": {
        "vib": 2.7113720195781413e-06,
        "rot": 8.814778800397982e-06,
        "trans": 2.692791418702751e-05
    },
    "rot": {
        "vib": 1.8943640035939145e-06,
        "rot": 1.896865765675734e-05,
        "trans": 2.081716066311424e-05
    },
    "vib": {
        "vib": 4.20888873154165e-06,
        "rot": 1.0933838162780892e-05,
        "trans": 1.1891616589577393e-05
    }
}