{
    "all": {
        "vib": 1.7937463406847027e-06,
        "rot": 1.2060543283506571e-05,
        "trans": 1.670821620582307e-05
    },
    "trans": {
        "vib": 2.711372019578144e-06,
        "rot": 8.833796661887495e-06,
        "trans": 2.692791418702751e-05
    },
    "rot": {
        "vib": 1.9040291260612327e-06,
        "rot": 1.895518559876252e-05,
        "trans": 2.0766221444525847e-05
    },
    "vib": {
        "vib": 4.174600753170359e-06,
        "rot": 1.0943135644211819e-05,
        "trans": 1.191382315650471e-05
    }
}