{
    "all": {
        "vib": 0.0017844039118269728,
        "rot": 0.012082491496943364,
        "trans": 0.016708216205823023
    },
    "trans": {
        "vib": 0.0027113720195781404,
        "rot": 0.008814778800398035,
        "trans": 0.026927914187027512
    },
    "rot": {
        "vib": 0.0018943640035939114,
        "rot": 0.01896865765675735,
        "trans": 0.020817160663114176
    },
    "vib": {
        "vib": 0.004208888731541635,
        "rot": 0.010933838162780873,
        "trans": 0.01189161658957738
    }
}