{
    "all": {
        "vib": 0.0018545648570823796,
        "rot": 0.012125543761761634,
        "trans": 0.016954694302486483
    },
    "trans": {
        "vib": 0.0028760406350954865,
        "rot": 0.008307313357401288,
        "trans": 0.025734939680340116
    },
    "rot": {
        "vib": 0.0018803459785761802,
        "rot": 0.01852686825075788,
        "trans": 0.0189630405198554
    },
    "vib": {
        "vib": 0.004301064311269374,
        "rot": 0.011230342458935689,
        "trans": 0.012444163363432622
    }
}