{
    "epoch": 2047.0,
    "epoch_time": 2.8229358196258545,
    "train_energy_mae": 0.5930725968307853,
    "train_forces_mae": 0.0357341899832226,
    "train_loss": 0.0581909725425893,
    "train_stress_mae": 5.507805891602469,
    "val_energy_mae": 0.5472904012377302,
    "val_forces_mae": 0.0419007899153591,
    "val_loss": 0.1043145584563235,
    "val_stress_mae": 5.277810020915843
}