{
    "epoch": 2047.0,
    "epoch_time": 2.7137131690979004,
    "train_energy_mae": 0.5942777548627374,
    "train_forces_mae": 0.0357341120223313,
    "train_loss": 0.0581794110041239,
    "train_stress_mae": 5.511255039243668,
    "val_energy_mae": 0.5195558066814556,
    "val_forces_mae": 0.0429796653623853,
    "val_loss": 0.1060346935744577,
    "val_stress_mae": 5.449481920540234
}