{
    "mean": 0.03814704672314108,
    "std": 0.022653769650832337,
    "max": 0.49404647301375976
}