{
    "rmse": 0.0340128199603045,
    "mae": 0.011355989707156315,
    "max": 3.0637733098373228,
    "lp4": 0.00012486411529156045,
    "rrmse": 0.5497376650916235
}