{
    "rmse": 33.0307113012437,
    "mse": 1091.0278890661082,
    "mae": 11.776689407601493,
    "max": 3089.726320687471,
    "lp4": 0.09655500639237803,
    "rrmse": 0.5821300300129894
}