{
    "rmse": 0.03390488055228173,
    "mae": 0.012603586934167466,
    "max": 3.073178465595193,
    "lp4": 9.496844904046485e-05,
    "rrmse": 0.5997793789485893
}