{
    "rmse": 33.386963980816965,
    "mse": 1114.6893638563695,
    "mae": 12.24319822110117,
    "max": 3059.4698535266534,
    "lp4": 0.09551443326568283,
    "rrmse": 0.5884085924442011
}