{
    "rmse": 32.424098001332325,
    "mse": 1051.3221312000028,
    "mae": 11.267834779628695,
    "max": 3070.1188046557154,
    "lp4": 0.09592456701465767,
    "rrmse": 0.5714391364605277
}