{
    "rmse": 33.38552700667002,
    "mse": 1114.593413513093,
    "mae": 12.227499672847248,
    "max": 3061.560144139233,
    "lp4": 0.09562667408942896,
    "rrmse": 0.588383267352178
}