{
    "rmse": 0.033204765489463876,
    "mae": 0.012099609098548564,
    "max": 3.0588116564221117,
    "lp4": 9.558285120528515e-05,
    "rrmse": 0.5851975440270967
}