{
    "rmse": 0.033956922801280966,
    "mae": 0.01263642431198832,
    "max": 3.073208468644761,
    "lp4": 9.591442085606768e-05,
    "rrmse": 0.5984534910307595
}