{
    "rmse": 0.03262553354766197,
    "mae": 0.012085952569466738,
    "max": 2.5191737163845436,
    "lp4": 0.00013373399924550592,
    "rrmse": 0.5011199230627222
}