{
    "rmse": 33.25971998695237,
    "mse": 1106.2089736104788,
    "mae": 12.181484559324721,
    "max": 3074.9967873087517,
    "lp4": 0.09572226226008236,
    "rrmse": 0.5861660567236766
}