{
    "rmse": 0.034675725182593486,
    "mae": 0.012480326605511528,
    "max": 3.0519573857493905,
    "lp4": 0.00011741981558265216,
    "rrmse": 0.5456321275331346
}