{
    "rmse": 26.62431294744585,
    "mse": 708.8540399235328,
    "mae": 12.78992744940509,
    "max": 564.7914844312786,
    "lp4": 0.06711488709790787,
    "rrmse": 0.45684042256612484
}