{
    "rmse": 33.20344930692469,
    "mse": 1102.4690458775178,
    "mae": 12.099876187706988,
    "max": 3058.7898884711262,
    "lp4": 0.0955775290871809,
    "rrmse": 0.5851743477545717
}