{
    "rmse": 32.51537757262538,
    "mse": 1057.2497786903896,
    "mae": 11.410180432531305,
    "max": 3064.0470491549536,
    "lp4": 0.0957712432887105,
    "rrmse": 0.5730478387101338
}