{
    "rmse": 0.03320344930692469,
    "mae": 0.012099876187706984,
    "max": 3.058789888471126,
    "lp4": 9.55775290871809e-05,
    "rrmse": 0.5851743477545717
}