{
    "rmse": 35.34388046461701,
    "mse": 1249.1898862971357,
    "mae": 12.581929915857735,
    "max": 2997.2815548041262,
    "lp4": 0.09337363360909484,
    "rrmse": 0.6027085386478163
}