{
    "rmse": 0.035977812210174966,
    "mae": 0.013084493294399676,
    "max": 3.0024139299399333,
    "lp4": 9.316770720239532e-05,
    "rrmse": 0.613518785597078
}