{
    "rmse": 0.03500826876628611,
    "mae": 0.012460122145573049,
    "max": 3.010815389399397,
    "lp4": 0.00014738085190437098,
    "rrmse": 0.5132272765080438
}