{
    "rmse": 35.97456924626381,
    "mse": 1294.16963245423,
    "mae": 13.08195725017285,
    "max": 3002.327033062507,
    "lp4": 0.09316499791330951,
    "rrmse": 0.6134634843111386
}