{
    "rmse": 0.03669868088963427,
    "mae": 0.013559365704976473,
    "max": 3.0142166684768825,
    "lp4": 9.232151546975964e-05,
    "rrmse": 0.6280780247567437
}