{
    "rmse": 35.37453412308062,
    "mse": 1251.3576644249952,
    "mae": 12.633437545767137,
    "max": 2997.5057391514642,
    "lp4": 0.09337319538295494,
    "rrmse": 0.6032312662446151
}