{
    "rmse": 0.03675385597016942,
    "mae": 0.013583509299927583,
    "max": 3.0142140119400866,
    "lp4": 9.32403020390997e-05,
    "rrmse": 0.6267524258868379
}