{
    "rmse": 36.136458487330486,
    "mse": 1305.8436320065596,
    "mae": 13.180503890823452,
    "max": 3000.6707289638234,
    "lp4": 0.0931692148871218,
    "rrmse": 0.6162241327352351
}