{
    "rmse": 36.1551077705929,
    "mse": 1307.1918179031868,
    "mae": 13.195574717720808,
    "max": 3000.9622433717723,
    "lp4": 0.09318841014869321,
    "rrmse": 0.6165421533406175
}