{
    "rmse": 0.03714394224499303,
    "mae": 0.013205704610578878,
    "max": 3.0044273316459615,
    "lp4": 0.00011433307322286587,
    "rrmse": 0.53242159482382
}