{
    "rmse": 0.035003121228193934,
    "mae": 0.011930406762613926,
    "max": 2.999135453520613,
    "lp4": 0.00012096114465064613,
    "rrmse": 0.5453665708640341
}