{
    "rmse": 35.89775312230615,
    "mse": 1288.648679230041,
    "mae": 13.045309745191348,
    "max": 2995.9451299896737,
    "lp4": 0.09304819805751909,
    "rrmse": 0.6121535621066014
}