{
    "rmse": 0.03597456924626381,
    "mae": 0.01308195725017285,
    "max": 3.0023270330625067,
    "lp4": 9.31649979133095e-05,
    "rrmse": 0.6134634843111386
}