{
    "rmse": 29.544481767125244,
    "mse": 872.876402887996,
    "mae": 12.919098570478182,
    "max": 714.3976527518872,
    "lp4": 0.077467931226704,
    "rrmse": 0.4862838158656142
}