{
    "rmse": 35.44310291869519,
    "mse": 1256.2135445052193,
    "mae": 12.699040948517732,
    "max": 3002.8515813391386,
    "lp4": 0.09307288301698231,
    "rrmse": 0.6044005492451919
}