{
    "rmse": 0.1133311360041799,
    "mae": 0.058822517781872884,
    "max": 4.110524566502404,
    "lp4": 0.0002688522593269711,
    "rrmse": 0.19819219111060574
}