{
    "rmse": 77.51730652769538,
    "mse": 6008.932811308685,
    "mae": 42.179908916575336,
    "max": 3465.204078225736,
    "lp4": 0.12508097028792356,
    "rrmse": 0.11462265410401215
}