{
    "rmse": 0.0778996171652308,
    "mae": 0.042203041113436604,
    "max": 3.4822286121961588,
    "lp4": 0.00012566322522469155,
    "rrmse": 0.11518796605729642
}