{
    "rmse": 0.08305254708770372,
    "mae": 0.04491894697454779,
    "max": 3.487859014725594,
    "lp4": 0.00012607573088049915,
    "rrmse": 0.12210273132679839
}