{
    "rmse": 96.76769890415233,
    "mse": 9363.987551204684,
    "mae": 57.48801682633005,
    "max": 1697.804683561179,
    "lp4": 0.22144656657246603,
    "rrmse": 0.16506450476883058
}