{
    "rmse": 0.07791858610824837,
    "mae": 0.042258312842345144,
    "max": 3.48144044577112,
    "lp4": 0.00012565919223959018,
    "rrmse": 0.11521601489815035
}