{
    "rmse": 77.95767565881907,
    "mse": 6077.399194125632,
    "mae": 41.81352850908973,
    "max": 3498.3266450985566,
    "lp4": 0.12607441617177126,
    "rrmse": 0.11527381551371414
}