{
    "rmse": 77.91858610824836,
    "mse": 6071.306061108514,
    "mae": 42.25831284234515,
    "max": 3481.4404457711203,
    "lp4": 0.12565919223959018,
    "rrmse": 0.11521601489815034
}