{
    "rmse": 70.78552288817863,
    "mse": 5010.59025055286,
    "mae": 34.08500920371859,
    "max": 3469.7400889249216,
    "lp4": 0.12449212292050343,
    "rrmse": 0.10466855556551746
}