{
    "rmse": 0.10646901915091311,
    "mae": 0.050309109311713715,
    "max": 4.191939855316419,
    "lp4": 0.00021013946854282086,
    "rrmse": 0.1661496015419158
}