{
    "rmse": 71.12730423472529,
    "mse": 5059.093407699171,
    "mae": 33.51905887064661,
    "max": 3475.1449620128706,
    "lp4": 0.12486226132402788,
    "rrmse": 0.10517393799970234
}