{
    "rmse": 74.58065490179011,
    "mse": 5562.274085579909,
    "mae": 38.12465186634512,
    "max": 3476.929868399377,
    "lp4": 0.12530233901813562,
    "rrmse": 0.11028031019891449
}