{
    "rmse": 78.03293945153607,
    "mse": 6089.139639447095,
    "mae": 41.96304045563258,
    "max": 3496.6839279671353,
    "lp4": 0.12609156578584027,
    "rrmse": 0.11538510596052648
}