{
    "rmse": 0.08327916881399859,
    "mae": 0.04509604294402852,
    "max": 3.487841073583226,
    "lp4": 0.00012732793214041832,
    "rrmse": 0.12314255730268592
}