{
    "rmse": 0.10797392672463282,
    "mae": 0.05111499579407211,
    "max": 4.239555422092323,
    "lp4": 0.0002150611105846567,
    "rrmse": 0.17065708992411302
}