{
    "all": {
        "vib": 1.3276118730257799e-06,
        "rot": 8.16473539847946e-06,
        "trans": 1.355394647467079e-05
    },
    "trans": {
        "vib": 2.457647298480008e-06,
        "rot": 6.351965737503598e-06,
        "trans": 1.9845442292845558e-05
    },
    "rot": {
        "vib": 1.8055757590136876e-06,
        "rot": 1.3000535965036132e-05,
        "trans": 2.2803790188060684e-05
    },
    "vib": {
        "vib": 3.046294423129533e-06,
        "rot": 6.601211815964636e-06,
        "trans": 1.0481499589692881e-05
    }
}