{
    "all": {
        "vib": 0.0012899283861108244,
        "rot": 0.010282737995128011,
        "trans": 0.01371257186591172
    },
    "trans": {
        "vib": 0.002402922358635305,
        "rot": 0.007027099820382021,
        "trans": 0.021101890749697795
    },
    "rot": {
        "vib": 0.0013061187977625294,
        "rot": 0.015290785824161632,
        "trans": 0.025367730857008643
    },
    "vib": {
        "vib": 0.0041251731660734165,
        "rot": 0.007726207069107892,
        "trans": 0.01110328346365769
    }
}