{
    "all": {
        "vib": 0.001243394904241794,
        "rot": 0.010403453169030262,
        "trans": 0.013712571865911717
    },
    "trans": {
        "vib": 0.002298447473477251,
        "rot": 0.006941519443679121,
        "trans": 0.021053565809049643
    },
    "rot": {
        "vib": 0.001233626745570835,
        "rot": 0.015274227608366477,
        "trans": 0.025418670075597023
    },
    "vib": {
        "vib": 0.004091365216865088,
        "rot": 0.007791289439124437,
        "trans": 0.011158799880975966
    }
}