{
    "all": {
        "vib": 9.856262444908059e-07,
        "rot": 1.1478915627432107e-05,
        "trans": 1.6965940929146892e-05
    },
    "trans": {
        "vib": 2.676547057858793e-06,
        "rot": 8.41540370911783e-06,
        "trans": 2.564443517062511e-05
    },
    "rot": {
        "vib": 2.1005791621730872e-06,
        "rot": 1.732506658138489e-05,
        "trans": 2.4399885703829636e-05
    },
    "vib": {
        "vib": 3.092404254771167e-06,
        "rot": 8.442113139290008e-06,
        "trans": 1.2757672699742691e-05
    }
}