{
    "all": {
        "vib": 0.0017876370908128522,
        "rot": 0.009812391840182256,
        "trans": 0.012354690148129562
    },
    "trans": {
        "vib": 0.0022983291923430824,
        "rot": 0.00950599180885911,
        "trans": 0.02777491681791525
    },
    "rot": {
        "vib": 0.0018780320341728837,
        "rot": 0.020183031055796136,
        "trans": 0.017093495328353137
    },
    "vib": {
        "vib": 0.002701365623406986,
        "rot": 0.009643057670519851,
        "trans": 0.011212989174562229
    }
}