{
    "all": {
        "vib": 1.3283561002783145e-06,
        "rot": 8.790259481427478e-06,
        "trans": 1.2922593170102374e-05
    },
    "trans": {
        "vib": 2.9821096533769576e-06,
        "rot": 5.952590646223443e-06,
        "trans": 1.9627838333903453e-05
    },
    "rot": {
        "vib": 1.8683051871609198e-06,
        "rot": 1.3148728602979521e-05,
        "trans": 2.3550898727356814e-05
    },
    "vib": {
        "vib": 3.3737306993197457e-06,
        "rot": 7.335712849008597e-06,
        "trans": 1.1236522865221587e-05
    }
}