{
    "all": {
        "vib": 1.5274871182393216e-06,
        "rot": 1.0008385327168332e-05,
        "trans": 1.3218120248836524e-05
    },
    "trans": {
        "vib": 2.387997375041298e-06,
        "rot": 5.9620995769682e-06,
        "trans": 1.9933942322016747e-05
    },
    "rot": {
        "vib": 2.1021641366412e-06,
        "rot": 1.4145660894598899e-05,
        "trans": 2.4399885703829677e-05
    },
    "vib": {
        "vib": 3.488434227453035e-06,
        "rot": 6.749971518859646e-06,
        "trans": 9.471100794500018e-06
    }
}