{
    "all": {
        "vib": 0.0013526505254500571,
        "rot": 0.010084437568438317,
        "trans": 0.015629226057086238
    },
    "trans": {
        "vib": 0.002227527735940245,
        "rot": 0.008093559808925711,
        "trans": 0.027048772854442134
    },
    "rot": {
        "vib": 0.0014908876880571507,
        "rot": 0.024337768520863483,
        "trans": 0.017356391911422277
    },
    "vib": {
        "vib": 0.0030632864006591154,
        "rot": 0.01185861460065174,
        "trans": 0.013514868243760107
    }
}