{
    "all": {
        "vib": 1.3011755071748667e-06,
        "rot": 9.393835350938717e-06,
        "trans": 1.3406182935303716e-05
    },
    "trans": {
        "vib": 2.4874972656680253e-06,
        "rot": 6.000135299947265e-06,
        "trans": 2.0546150298243272e-05
    },
    "rot": {
        "vib": 1.9644721746398475e-06,
        "rot": 1.4442046170485729e-05,
        "trans": 2.5011156326890108e-05
    },
    "vib": {
        "vib": 3.9476768394017755e-06,
        "rot": 6.796458926014316e-06,
        "trans": 1.0459293022765563e-05
    }
}