{
    "all": {
        "vib": 4.435957133447981e-06,
        "rot": 2.7821828011770826e-05,
        "trans": 4.999026966215757e-05
    },
    "trans": {
        "vib": 4.3898417128126066e-06,
        "rot": 3.422217306437076e-05,
        "trans": 5.55680205339729e-05
    },
    "rot": {
        "vib": 3.2951369734769335e-06,
        "rot": 9.852820903139639e-05,
        "trans": 5.0301689476044087e-05
    },
    "vib": {
        "vib": 5.199353098319225e-06,
        "rot": 3.5213169468044005e-05,
        "trans": 4.916675221377008e-05
    }
}