{
    "all": {
        "vib": 0.0014553226704749412,
        "rot": 0.010459527616314804,
        "trans": 0.008741231531336545
    },
    "trans": {
        "vib": 0.00196758913516429,
        "rot": 0.0081730458474457,
        "trans": 0.026729908803746392
    },
    "rot": {
        "vib": 0.001328960571810435,
        "rot": 0.019485791559567603,
        "trans": 0.014182177099524709
    },
    "vib": {
        "vib": 0.002822419870644762,
        "rot": 0.00902914065497086,
        "trans": 0.012208038909720338
    }
}