{
    "all": {
        "vib": 1.3527009961291624e-06,
        "rot": 9.284094283754843e-06,
        "trans": 1.3755442210171363e-05
    },
    "trans": {
        "vib": 2.8606218555182304e-06,
        "rot": 6.418528252716974e-06,
        "trans": 2.0087066996086358e-05
    },
    "rot": {
        "vib": 1.7180762297277264e-06,
        "rot": 1.4630654982413694e-05,
        "trans": 2.5384710596538147e-05
    },
    "vib": {
        "vib": 3.6993207803018845e-06,
        "rot": 6.573319371671841e-06,
        "trans": 1.0525912723547486e-05
    }
}