{
    "all": {
        "vib": 0.0013134574050159527,
        "rot": 0.009865585784659101,
        "trans": 0.016199057159641324
    },
    "trans": {
        "vib": 0.0023146316368285657,
        "rot": 0.006278065064817244,
        "trans": 0.022583860658754007
    },
    "rot": {
        "vib": 0.0013233857868892556,
        "rot": 0.014178653410725005,
        "trans": 0.019753167208182723
    },
    "vib": {
        "vib": 0.003862593794590037,
        "rot": 0.008441167241675405,
        "trans": 0.012070398739442597
    }
}