{
    "all": {
        "vib": 1.2433949042417908e-06,
        "rot": 1.0403453169030267e-05,
        "trans": 1.3712571865911708e-05
    },
    "trans": {
        "vib": 2.2984474734772506e-06,
        "rot": 6.941519443679098e-06,
        "trans": 2.105356580904964e-05
    },
    "rot": {
        "vib": 1.2336267455708361e-06,
        "rot": 1.5274227608366497e-05,
        "trans": 2.5418670075597083e-05
    },
    "vib": {
        "vib": 4.091365216865092e-06,
        "rot": 7.791289439124463e-06,
        "trans": 1.1158799880975973e-05
    }
}