{
    "all": {
        "vib": 0.001340638541084666,
        "rot": 0.00977792908608222,
        "trans": 0.015971895300677483
    },
    "trans": {
        "vib": 0.0021491976375371618,
        "rot": 0.006808394413252402,
        "trans": 0.023776835165441403
    },
    "rot": {
        "vib": 0.001433232118058264,
        "rot": 0.014522878518454818,
        "trans": 0.021547289462880825
    },
    "vib": {
        "vib": 0.0038086286734511344,
        "rot": 0.00811670128920721,
        "trans": 0.011536311518740322
    }
}