{
    "rmse": 2.059606281050777,
    "mae": 1.9018437301311808,
    "max": 4.603218654257944,
    "lp4": 0.16695208444809015,
    "rrmse": 0.15295501130035852
}