{
    "rmse": 2.057201565092725,
    "mae": 1.8740227526308444,
    "max": 4.603531459433725,
    "lp4": 0.19071799541172682,
    "rrmse": 0.14332523346177298
}