{
    "rmse": 0.14977314323146967,
    "mae": 0.07716770790113886,
    "max": 3.2973027085412836,
    "lp4": 0.0004213010332032106,
    "rrmse": 0.20936115379123432
}