{
    "rmse": 0.14399331581374591,
    "mae": 0.07492517067815917,
    "max": 3.2972680304344406,
    "lp4": 0.00036189592081705346,
    "rrmse": 0.19519319112713188
}