{
    "rmse": 2.888461736558234,
    "mae": 2.7689664850647593,
    "max": 5.73519181204756,
    "lp4": 0.2218649669090013,
    "rrmse": 0.2145092980249198
}