{
    "rmse": 2.862231789760425,
    "mae": 2.755666494335128,
    "max": 5.735149850377638,
    "lp4": 0.19752701276563384,
    "rrmse": 0.22521036332591457
}