{
    "rmse": 0.13836107984479906,
    "mae": 0.07131385110531736,
    "max": 3.513500597704744,
    "lp4": 0.00033237381477014513,
    "rrmse": 0.18612568295465642
}