{
    "rmse": 0.14395866397519091,
    "mae": 0.07342717846016568,
    "max": 3.5135323457788203,
    "lp4": 0.000379485864200254,
    "rrmse": 0.19514621809294797
}