{
    "rmse": 0.00026867306560659804,
    "mae": 0.0001974409066133479,
    "max": 0.001129913588714792,
    "lp4": 2.401829126210735e-06,
    "rrmse": 0.1511790498197382
}