{
    "rmse": 0.0002686647015571738,
    "mae": 0.00019743541149234962,
    "max": 0.0011300468498751624,
    "lp4": 2.4017255876668e-06,
    "rrmse": 0.15117434347136738
}