{
    "rmse": 0.00028990018856809354,
    "mae": 0.00020785642425288808,
    "max": 0.0019992917801364887,
    "lp4": 2.2624458975816356e-06,
    "rrmse": 0.1818616148215683
}