{
    "rmse": 0.0002686811938964016,
    "mse": 7.218958395359574e-08,
    "mae": 0.0001974528583186223,
    "max": 0.0011297916331841316,
    "lp4": 2.4018484654390553e-06,
    "rrmse": 0.15118362350905232
}