{
    "rmse": 0.0002686707117461663,
    "mse": 7.218395135019157e-08,
    "mae": 0.00019743605922477813,
    "max": 0.0011298246806030442,
    "lp4": 2.4018245813690126e-06,
    "rrmse": 0.1511777253312463
}