{
    "rmse": 0.0002569271208189904,
    "mae": 0.0001885597015276053,
    "max": 0.0011299302203288501,
    "lp4": 2.539295363330402e-06,
    "rrmse": 0.1587015954566609
}