{
    "rmse": 3.056664689326837,
    "mae": 2.802324517549728,
    "max": 5.796164731618774,
    "lp4": 0.10707477338857774,
    "rrmse": 0.7097797215470188
}