{
    "rmse": 3.032315834828793,
    "mae": 2.77285826523776,
    "max": 5.795985440847289,
    "lp4": 0.11503105101875928,
    "rrmse": 0.6810376249380631
}