{
    "rmse": 8.043856775499217,
    "mse": 64.70363182474465,
    "mae": 7.374538395290369,
    "max": 15.252673574810615,
    "lp4": 0.2817756235802881,
    "rrmse": 0.7097799271346202
}