{
    "rmse": 3.0566332470735795,
    "mae": 2.802299631191376,
    "max": 5.795733670827758,
    "lp4": 0.10707343615889249,
    "rrmse": 0.7097724204276517
}