{
    "rmse": 2.618453076007259,
    "mae": 2.175322085664429,
    "max": 5.796107511159789,
    "lp4": 0.07754694046265465,
    "rrmse": 0.00014167730519666204
}