{
    "rmse": 8.043801325099713,
    "mse": 64.70273975767589,
    "mae": 7.374475964280871,
    "max": 15.252733806875767,
    "lp4": 0.28177391876493546,
    "rrmse": 0.7097750342602668
}