{
    "rmse": 3.056665574689948,
    "mae": 2.8023245902106284,
    "max": 5.796015958425414,
    "lp4": 0.10707473696051949,
    "rrmse": 0.7097799271347578
}