{
    "rmse": 0.130966802410322,
    "mae": 0.06797685209992091,
    "max": 7.644153119437708,
    "lp4": 0.0002330443005097485,
    "rrmse": 0.17436227585267555
}