{
    "rmse": 0.12509200426049777,
    "mae": 0.0665595372003548,
    "max": 7.644163630433902,
    "lp4": 0.00023449949952163637,
    "rrmse": 0.16781777629162573
}