{
    "rmse": 0.12509229936230315,
    "mae": 0.06655953732436579,
    "max": 7.6441644676150675,
    "lp4": 0.00023449962151174004,
    "rrmse": 0.1678181721868634
}