{
    "rmse": 0.1253583681873301,
    "mae": 0.0648165086541303,
    "max": 7.6441738578724445,
    "lp4": 0.0002591034218653367,
    "rrmse": 0.17040348685691414
}