{
    "rmse": 125.09200426049777,
    "mse": 15648.009529908391,
    "mae": 66.5595372003548,
    "max": 7644.163630433902,
    "lp4": 0.23449949952163637,
    "rrmse": 0.16781777629162573
}