{
    "rmse": 0.12509185218824256,
    "mae": 0.06655974397729464,
    "max": 7.6441355032209,
    "lp4": 0.00023449873311556343,
    "rrmse": 0.1678175722783648
}