{
    "rmse": 125.09208247231602,
    "mse": 15648.029097260714,
    "mae": 66.55962316873153,
    "max": 7644.142685906975,
    "lp4": 0.23449889220461897,
    "rrmse": 0.1678178812170644
}