{
    "rmse": 0.003998411264264407,
    "mae": 0.003285798474422217,
    "max": 0.009548349252941228,
    "lp4": 0.00011944894478237897,
    "rrmse": 0.5277390696630345
}