{
    "rmse": 0.00449951270231478,
    "mae": 0.004178344340098814,
    "max": 0.009548107058454651,
    "lp4": 0.0001736569252573943,
    "rrmse": 0.5132862870587029
}