{
    "rmse": 0.004681337130945481,
    "mae": 0.004358745519723686,
    "max": 0.009548123550491457,
    "lp4": 0.00016493990721186747,
    "rrmse": 0.5375670095737949
}