{
    "rmse": 0.004681298129414146,
    "mse": 2.191455217645638e-05,
    "mae": 0.004358721142228279,
    "max": 0.009548182493819536,
    "lp4": 0.00016493802121095527,
    "rrmse": 0.5375625309524134
}