{
    "rmse": 0.004681297159454437,
    "mse": 2.1914543095116182e-05,
    "mae": 0.004358720659413844,
    "max": 0.009548266593649206,
    "lp4": 0.00016493799398629988,
    "rrmse": 0.5375624195700615
}