{
    "rmse": 0.004681297139793919,
    "mae": 0.004358727700673284,
    "max": 0.009547932579399572,
    "lp4": 0.0001649371003503922,
    "rrmse": 0.537562417312406
}