{
    "rmse": 0.0027160707482389067,
    "mse": 7.377040309439055e-06,
    "mae": 0.001579019063371619,
    "max": 0.009774178315381566,
    "lp4": 2.4235802124960956e-05,
    "rrmse": 0.4831138295628605
}