{
    "rmse": 0.002716069375622922,
    "mae": 0.0015790119777195897,
    "max": 0.00977395986889915,
    "lp4": 2.4235647403513256e-05,
    "rrmse": 0.4831135854124585
}