{
    "rmse": 0.002610469255040114,
    "mae": 0.001514623369183331,
    "max": 0.009773734215078305,
    "lp4": 2.5508421344535668e-05,
    "rrmse": 0.47300718876899
}