{
    "rmse": 0.0023266154958216266,
    "mae": 0.001228272673079835,
    "max": 0.009774453573591305,
    "lp4": 1.7558116157078436e-05,
    "rrmse": 0.4809332527018983
}