{
    "rmse": 0.0027160915239339343,
    "mae": 0.0015790120992405356,
    "max": 0.009773949754174751,
    "lp4": 2.4236068977043403e-05,
    "rrmse": 0.48311752498412047
}