{
    "rmse": 0.002716069154075841,
    "mse": 7.377031649722253e-06,
    "mae": 0.0015790054175848372,
    "max": 0.009774475366334603,
    "lp4": 2.4235783041036686e-05,
    "rrmse": 0.4831135460053632
}