{
    "rmse": 0.02516245985659494,
    "mae": 0.01117152418949068,
    "max": 0.5341379724792443,
    "lp4": 6.425003095765184e-05,
    "rrmse": 0.3849550335933082
}