{
    "rmse": 0.026701868378637993,
    "mae": 0.011425548396364397,
    "max": 0.4077929185611678,
    "lp4": 6.26679324662894e-05,
    "rrmse": 0.3778660148460333
}