{
    "rmse": 0.12242424606603548,
    "mae": 0.06377715929484676,
    "max": 4.403992105714078,
    "lp4": 0.0003846695043133511,
    "rrmse": 0.20673850707299868
}