{
    "all": {
        "vib": 0.0013506925311155202,
        "rot": 0.010141541566217615,
        "trans": 0.012830871694450614
    },
    "trans": {
        "vib": 0.0025035686643087715,
        "rot": 0.006137999215278499,
        "trans": 0.022466064869254107
    },
    "rot": {
        "vib": 0.0020499579575449472,
        "rot": 0.024132033184720427,
        "trans": 0.013220270923124569
    },
    "vib": {
        "vib": 0.0032970300547213493,
        "rot": 0.013977760073611302,
        "trans": 0.010873068528700246
    }
}