{
    "rmse": 0.00018640792628079372,
    "mae": 0.00013461515449457985,
    "max": 0.0010318512771118043,
    "lp4": 1.6923154183336311e-06,
    "rrmse": 0.10488946151104674
}