{
    "rmse": 0.00018639832424761145,
    "mse": 3.47443352823177e-08,
    "mae": 0.00013461080061159675,
    "max": 0.0010319410468436789,
    "lp4": 1.6922502432675012e-06,
    "rrmse": 0.1048840585643481
}