{
    "rmse": 0.00018639974294047684,
    "mse": 3.474486416827585e-08,
    "mae": 0.00013460815519762115,
    "max": 0.0010319105532640262,
    "lp4": 1.692252608231445e-06,
    "rrmse": 0.10488485684548168
}