{
    "rmse": 0.00019326873883658156,
    "mae": 0.00014134107709030423,
    "max": 0.0009615875572878954,
    "lp4": 1.8432638156148042e-06,
    "rrmse": 0.11938037957024869
}