{
    "rmse": 0.00018640204656362674,
    "mae": 0.00013461212402746223,
    "max": 0.0010319242315722588,
    "lp4": 1.6922590400068033e-06,
    "rrmse": 0.10488615306606919
}