{
    "rmse": 0.00021430519907029446,
    "mae": 0.0001298043161991089,
    "max": 0.0019427409376054495,
    "lp4": 2.2640608983597047e-06,
    "rrmse": 0.1344389935035416
}