{
    "rmse": 3.13504442637684,
    "mse": 9.828503555356491,
    "mae": 2.707923198058658,
    "max": 5.962877946745721,
    "lp4": 0.11433457295936625,
    "rrmse": 0.276632424795934
}