{
    "rmse": 0.8945798601339633,
    "mae": 0.8202989442165218,
    "max": 1.7484683525472065,
    "lp4": 0.03348414858093252,
    "rrmse": 0.2009165853587469
}