{
    "rmse": 1.1913168820228464,
    "mae": 1.0290108152620157,
    "max": 2.2658936197694857,
    "lp4": 0.043447137724550215,
    "rrmse": 0.2766324247958834
}