{
    "rmse": 1.1913057479899445,
    "mae": 1.029000134109672,
    "max": 2.266084354632767,
    "lp4": 0.04344655482823466,
    "rrmse": 0.2766298393926495
}