{
    "rmse": 3.135049437445014,
    "mse": 9.828534975224299,
    "mae": 2.707942606166554,
    "max": 5.962596863784711,
    "lp4": 0.11433292090631736,
    "rrmse": 0.2766328669663632
}