{
    "rmse": 1.191315273738709,
    "mae": 1.029014593628831,
    "max": 2.265912693255814,
    "lp4": 0.043446562022888456,
    "rrmse": 0.2766320513406362
}