{
    "rmse": 1.0166006997470893,
    "mae": 0.7835433027090356,
    "max": 2.266004245990189,
    "lp4": 0.031463361089517805,
    "rrmse": 5.500547209378722e-05
}