{
    "rmse": 0.1062489498748955,
    "mae": 0.043693999692327554,
    "max": 7.671239365830379,
    "lp4": 0.00023518063477204957,
    "rrmse": 0.14253878660537195
}