{
    "rmse": 0.10624920256681182,
    "mae": 0.04369424351682174,
    "max": 7.6712509407556215,
    "lp4": 0.0002351806622917274,
    "rrmse": 0.1425391256054202
}