{
    "rmse": 0.10950523672725795,
    "mae": 0.045025250817821855,
    "max": 7.618057079035638,
    "lp4": 0.00025888739961042777,
    "rrmse": 0.14885383749995668
}