{
    "rmse": 0.10664947960966785,
    "mae": 0.04403553503628251,
    "max": 7.671227515814162,
    "lp4": 0.0002328703074488183,
    "rrmse": 0.14198747805558098
}