{
    "rmse": 0.10624899662796392,
    "mae": 0.043694162605733944,
    "max": 7.671258828782615,
    "lp4": 0.00023518133132721596,
    "rrmse": 0.14253884932717437
}