{
    "rmse": 106.24920864824861,
    "mse": 11288.894338379068,
    "mae": 43.69403072666616,
    "max": 7671.222243105054,
    "lp4": 0.23518142870116482,
    "rrmse": 0.14253913376400082
}