{
    "rmse": 106.24894987489552,
    "mse": 11288.839349518059,
    "mae": 43.69399969232756,
    "max": 7671.239365830379,
    "lp4": 0.23518063477204962,
    "rrmse": 0.14253878660537195
}