{
    "rmse": 0.0008422814146976528,
    "mae": 0.0006937808088352329,
    "max": 0.002499013417598344,
    "lp4": 2.4683212348181415e-05,
    "rrmse": 0.11117035762672603
}