{
    "rmse": 0.0009873017130583484,
    "mae": 0.0009248572692732143,
    "max": 0.0024992263823023675,
    "lp4": 3.408350050156558e-05,
    "rrmse": 0.11337376791930993
}