{
    "rmse": 0.0009873351417191477,
    "mae": 0.0009248928483923401,
    "max": 0.0024991269371200096,
    "lp4": 3.4084300453320095e-05,
    "rrmse": 0.11337760659717426
}