{
    "rmse": 0.0009873279780142758,
    "mse": 9.748165361697581e-07,
    "mae": 0.0009248832034142301,
    "max": 0.00249924368245065,
    "lp4": 3.408430670095639e-05,
    "rrmse": 0.11337678397506913
}