{
    "rmse": 0.0009873153057917622,
    "mae": 0.0009248738573290176,
    "max": 0.0024992487965848306,
    "lp4": 3.4083552246758135e-05,
    "rrmse": 0.1133753287992143
}