{
    "rmse": 0.0008366173381985554,
    "mae": 0.0007672181217729166,
    "max": 0.0021611679980113505,
    "lp4": 3.2276960032580506e-05,
    "rrmse": 0.09543793642186049
}