{
    "rmse": 0.0005997402978452136,
    "mse": 3.596884248594656e-07,
    "mae": 0.00039474618167768106,
    "max": 0.002655226171204537,
    "lp4": 5.1533861068682374e-06,
    "rrmse": 0.10667720353861926
}