{
    "rmse": 0.0005997226696558098,
    "mae": 0.0003947366590844539,
    "max": 0.002655330415609862,
    "lp4": 5.153281776106521e-06,
    "rrmse": 0.10667406797151494
}