{
    "rmse": 0.0005314188983563265,
    "mae": 0.00032098381333683766,
    "max": 0.002655199203193549,
    "lp4": 3.85591828399086e-06,
    "rrmse": 0.1098492723841816
}