{
    "rmse": 0.0005202521782138876,
    "mae": 0.00034665233786688445,
    "max": 0.0024125156815093126,
    "lp4": 4.958770895905918e-06,
    "rrmse": 0.09426773358574306
}