{
    "rmse": 0.0005997319562358944,
    "mae": 0.0003947443454679783,
    "max": 0.0026553457704314672,
    "lp4": 5.153293611205803e-06,
    "rrmse": 0.10667571979714251
}