{
    "rmse": 0.0005997359257808699,
    "mse": 3.596831806722371e-07,
    "mae": 0.00039474489233609265,
    "max": 0.0026554442391325075,
    "lp4": 5.153377375242593e-06,
    "rrmse": 0.10667642586935215
}