{
    "mean": 0.09675203936534094,
    "std": 0.055329660236202005,
    "max": 0.4204316685931683
}