{
    "rmse": 0.03507051273267957,
    "mae": 0.0124772499981609,
    "max": 3.0742113182163187,
    "lp4": 0.00011158158454895448,
    "rrmse": 0.6272602641614704
}