{
    "rmse": 0.038361039578113966,
    "mae": 0.013721561896273674,
    "max": 2.9974142604737053,
    "lp4": 0.00010853437424626244,
    "rrmse": 0.6705917845708911
}