{
    "rmse": 0.13622481256244667,
    "mae": 0.05334604931886934,
    "max": 3.4778352667463746,
    "lp4": 0.0002225881689588228,
    "rrmse": 0.20877897055501657
}