{
    "all": {
        "vib": 0.0050675754009564845,
        "rot": 0.012790321380279242,
        "trans": 0.018148049244083517
    },
    "trans": {
        "vib": 0.005740314523406559,
        "rot": 0.009141252089301628,
        "trans": 0.027710537541002306
    },
    "rot": {
        "vib": 0.004540594498808193,
        "rot": 0.02109275213394631,
        "trans": 0.025316791638420294
    },
    "vib": {
        "vib": 0.010803238112260891,
        "rot": 0.011552120677938125,
        "trans": 0.013484937766612238
    }
}