{
    "mean": 0.04354980775388248,
    "std": 0.02602656023774846,
    "max": 0.4156526247154401
}