{
    "mean": 1.6182622354349607,
    "std": 0.12439575677965789,
    "max": 2.006470895721577
}