{
    "mean": 1.314805420241384,
    "std": 0.09607371216526549,
    "max": 1.675977554066776
}