{
    "rmse": 0.033107417830903964,
    "mae": 0.011950333727830562,
    "max": 3.0649679175199758,
    "lp4": 9.568614347110245e-05,
    "rrmse": 0.5834818984001421
}