{
    "rmse": 33.10746809286043,
    "mse": 1096.1044435197714,
    "mae": 11.95035466254221,
    "max": 3064.967936620962,
    "lp4": 0.09568615906021752,
    "rrmse": 0.583482784211954
}