{
    "rmse": 0.033062718411088564,
    "mae": 0.011924330385754349,
    "max": 3.0649634642030414,
    "lp4": 9.474307807293287e-05,
    "rrmse": 0.5848814799502441
}