{
    "rmse": 33.10741783090396,
    "mse": 1096.1011154300575,
    "mae": 11.950333727830557,
    "max": 3064.9679175199763,
    "lp4": 0.09568614347110245,
    "rrmse": 0.5834818984001421
}