{
    "rmse": 35.847349658797604,
    "mse": 1285.0324775600968,
    "mae": 12.975129850203782,
    "max": 3014.9542485885863,
    "lp4": 0.09337060014703888,
    "rrmse": 0.611294047038231
}