{
    "rmse": 0.03579974538190826,
    "mae": 0.012956920113939107,
    "max": 3.0149533071772834,
    "lp4": 9.24502800093461e-05,
    "rrmse": 0.612693230960634
}