{
    "rmse": 0.03584734965879761,
    "mae": 0.012975129850203784,
    "max": 3.014954248588586,
    "lp4": 9.337060014703886e-05,
    "rrmse": 0.611294047038231
}