{
    "rmse": 35.84737509473315,
    "mse": 1285.0343011824946,
    "mae": 12.97512571788238,
    "max": 3014.9528519608916,
    "lp4": 0.09337063138783012,
    "rrmse": 0.6112944807895717
}