{
    "rmse": 77.22439977900599,
    "mse": 5963.60792122774,
    "mae": 40.97249456493996,
    "max": 3503.97948086444,
    "lp4": 0.12591603206447313,
    "rrmse": 0.11418954115874023
}