{
    "rmse": 0.07706979641940877,
    "mae": 0.040837317469880834,
    "max": 3.5039741809355816,
    "lp4": 0.00012469593649510642,
    "rrmse": 0.11330697221931886
}