{
    "rmse": 77.22412973686143,
    "mse": 5963.566213615605,
    "mae": 40.97237475544262,
    "max": 3503.9685537098603,
    "lp4": 0.12591597702446944,
    "rrmse": 0.11418914185503999
}