{
    "rmse": 0.07722412973686142,
    "mae": 0.04097237475544262,
    "max": 3.50396855370986,
    "lp4": 0.00012591597702446946,
    "rrmse": 0.11418914185504
}