{
    "all": {
        "vib": 1.4480764729485794e-06,
        "rot": 1.0162022821225751e-05,
        "trans": 1.5877863957443903e-05
    },
    "trans": {
        "vib": 2.3531724133219737e-06,
        "rot": 7.0175908896372405e-06,
        "trans": 2.4847716868045537e-05
    },
    "rot": {
        "vib": 1.970189758679455e-06,
        "rot": 1.4617182924418826e-05,
        "trans": 2.2650972532295583e-05
    },
    "vib": {
        "vib": 3.8676118608718445e-06,
        "rot": 7.893561734864789e-06,
        "trans": 1.273546613281537e-05
    }
}