{
    "all": {
        "vib": 0.0014013295553515226,
        "rot": 0.01025673235761915,
        "trans": 0.0160660599744226
    },
    "trans": {
        "vib": 0.0025099896727054697,
        "rot": 0.006493278358422748,
        "trans": 0.023686963833791104
    },
    "rot": {
        "vib": 0.0019697731160610975,
        "rot": 0.014099795070576331,
        "trans": 0.020896329225337136
    },
    "vib": {
        "vib": 0.003862593794590043,
        "rot": 0.008229447670728264,
        "trans": 0.013257651074469735
    }
}