{
    "all": {
        "vib": 1.4434052585197136e-06,
        "rot": 1.0162022821225751e-05,
        "trans": 1.5850997859377138e-05
    },
    "trans": {
        "vib": 2.368097396915987e-06,
        "rot": 7.0175908896372405e-06,
        "trans": 2.4879938340478506e-05
    },
    "rot": {
        "vib": 1.970189758679454e-06,
        "rot": 1.4617182924418826e-05,
        "trans": 2.2650972532295583e-05
    },
    "vib": {
        "vib": 3.89289036976643e-06,
        "rot": 7.90285921629572e-06,
        "trans": 1.273546613281537e-05
    }
}