{
    "all": {
        "vib": 0.001448076472948575,
        "rot": 0.010162022821225759,
        "trans": 0.015877863957443866
    },
    "trans": {
        "vib": 0.002353172413321944,
        "rot": 0.007017590889637266,
        "trans": 0.024847716868045537
    },
    "rot": {
        "vib": 0.001970189758679458,
        "rot": 0.014617182924418808,
        "trans": 0.022650972532295525
    },
    "vib": {
        "vib": 0.0038676118608718334,
        "rot": 0.007893561734864763,
        "trans": 0.012735466132815381
    }
}