{
    "rmse": 0.000208653679876295,
    "mae": 0.00013016475908876087,
    "max": 0.0018726286685980496,
    "lp4": 2.065573650023351e-06,
    "rrmse": 0.13089365463400712
}