{
    "rmse": 0.00019251226112196234,
    "mae": 0.0001390566589113668,
    "max": 0.0010228541066430825,
    "lp4": 1.7518354697249055e-06,
    "rrmse": 0.10832429610820232
}