{
    "rmse": 0.00019252029147081152,
    "mae": 0.00013906159070986053,
    "max": 0.0010230487975529572,
    "lp4": 1.751933731219452e-06,
    "rrmse": 0.10832881468733864
}