{
    "rmse": 0.0001925119661778188,
    "mse": 3.706085712164965e-08,
    "mae": 0.00013905764274223565,
    "max": 0.0010228101436378896,
    "lp4": 1.7518016036654828e-06,
    "rrmse": 0.10832413014673807
}