{
    "rmse": 0.00019251367140413314,
    "mae": 0.00013905992273127724,
    "max": 0.001022836103583392,
    "lp4": 1.751821218786275e-06,
    "rrmse": 0.10832508965674087
}