{
    "rmse": 0.585762478066988,
    "mae": 0.48687840640639135,
    "max": 1.3428181820418104,
    "lp4": 0.02265281391954939,
    "rrmse": 0.1360182979921952
}