{
    "rmse": 0.5857392334747727,
    "mae": 0.48685366536984,
    "max": 1.3426312618757947,
    "lp4": 0.02265195814892742,
    "rrmse": 0.13601290042920847
}