{
    "rmse": 0.5857467730311742,
    "mae": 0.48687404675237345,
    "max": 1.3426198177839979,
    "lp4": 0.02265189527272359,
    "rrmse": 0.13601465116891565
}