{
    "rmse": 0.5079996296937492,
    "mae": 0.40231738892458796,
    "max": 1.3425320797468885,
    "lp4": 0.016411977298278327,
    "rrmse": 2.7486464903796928e-05
}