{
    "rmse": 1.5414190354604194,
    "mse": 2.3759726428797294,
    "mae": 1.2811938562363918,
    "max": 3.5332401628256775,
    "lp4": 0.05961041618140378,
    "rrmse": 0.13601290042923633
}