{
    "rmse": 1.54143304923405,
    "mse": 2.3760158452709814,
    "mae": 1.2811931869917317,
    "max": 3.5335814778518397,
    "lp4": 0.05961233078975718,
    "rrmse": 0.13601413698720896
}