{
    "rmse": 0.10555132650274753,
    "mae": 0.04256289999815083,
    "max": 7.669577828781992,
    "lp4": 0.00023513852365699897,
    "rrmse": 0.14160288663562537
}