{
    "rmse": 0.10574109533152073,
    "mae": 0.04288922912791517,
    "max": 7.66960488304219,
    "lp4": 0.00023281592217264026,
    "rrmse": 0.14077810325852141
}