{
    "rmse": 0.10555105661881843,
    "mae": 0.04256294294026377,
    "max": 7.669589905016568,
    "lp4": 0.00023513809634340423,
    "rrmse": 0.14160252457155018
}