{
    "rmse": 105.55135798824341,
    "mse": 11141.089173162316,
    "mae": 42.56298459120543,
    "max": 7669.612700711256,
    "lp4": 0.23513918386707056,
    "rrmse": 0.14160292887514286
}