{
    "rmse": 105.55142442842543,
    "mse": 11141.103198869605,
    "mae": 42.56306027915584,
    "max": 7669.610737712854,
    "lp4": 0.2351390679101465,
    "rrmse": 0.14160301800828667
}