{
    "rmse": 0.1055513579882434,
    "mae": 0.042562984591205416,
    "max": 7.669612700711257,
    "lp4": 0.00023513918386707054,
    "rrmse": 0.14160292887514286
}