{
    "rmse": 0.0008866698791443143,
    "mae": 0.0008292523652341909,
    "max": 0.002326224264690702,
    "lp4": 3.110980703390984e-05,
    "rrmse": 0.10181801952693378
}