{
    "rmse": 0.0008866598604432426,
    "mse": 7.861657081212305e-07,
    "mae": 0.000829235875416968,
    "max": 0.0023262973944969795,
    "lp4": 3.111001746211242e-05,
    "rrmse": 0.10181686906008548
}