{
    "rmse": 0.0007567068667000986,
    "mae": 0.0006265607258759109,
    "max": 0.0023261894598201574,
    "lp4": 2.252870306337746e-05,
    "rrmse": 0.09987561344903519
}