{
    "rmse": 0.000886643721355682,
    "mse": 7.861370886194522e-07,
    "mae": 0.0008292185142990449,
    "max": 0.002326203028220932,
    "lp4": 3.1109548014756766e-05,
    "rrmse": 0.10181501577740265
}