{
    "rmse": 0.0008866606327422909,
    "mae": 0.0008292368913795019,
    "max": 0.00232640922799054,
    "lp4": 3.111051540659485e-05,
    "rrmse": 0.101816957744681
}