{
    "rmse": 0.00048415367962691326,
    "mae": 0.0002987896125593204,
    "max": 0.002486811835675799,
    "lp4": 3.5261349666770787e-06,
    "rrmse": 0.10007910820190619
}