{
    "rmse": 0.0005469210837693402,
    "mae": 0.0003666988470520543,
    "max": 0.0024867667283269682,
    "lp4": 4.739762264048123e-06,
    "rrmse": 0.09728212691801157
}