{
    "rmse": 0.0005469151732423418,
    "mae": 0.00036669225623349574,
    "max": 0.002486807952092182,
    "lp4": 4.739774391197427e-06,
    "rrmse": 0.0972810755988091
}