{
    "rmse": 0.0005469063478586929,
    "mse": 2.9910655332813365e-07,
    "mae": 0.0003666882839882674,
    "max": 0.002486740404456324,
    "lp4": 4.7396786635660915e-06,
    "rrmse": 0.09727950580726565
}