{
    "rmse": 0.0005469184172979179,
    "mae": 0.00036669783467145145,
    "max": 0.0024870444898021957,
    "lp4": 4.739832077582448e-06,
    "rrmse": 0.09728165262652963
}