{
    "epoch": 1023.0,
    "epoch_time": 0.0855953693389892,
    "train_energy_mae": 4.4301769161756965,
    "train_forces_mae": 0.075779374625749,
    "train_forces_mse": 0.0143938035016073,
    "train_loss": 0.1739706823456829,
    "val_energy_mae": 1.503135441293853,
    "val_forces_mae": 0.0768963222418042,
    "val_forces_mse": 0.0168698669414758,
    "val_loss": 0.2024557935368411
}