{
    "mean": 0.07989045198243162,
    "std": 0.04179488309574604,
    "max": 0.6301517553231368
}