{
    "rmse": 35.3920731518654,
    "mse": 1252.5988419869914,
    "mae": 13.91583313279568,
    "max": 3082.2618377548115,
    "lp4": 0.09587061906049034,
    "rrmse": 0.6237464406448178
}