{
    "rmse": 35.39206995189885,
    "mse": 1252.5986154801014,
    "mae": 13.915886800265922,
    "max": 3082.253076408814,
    "lp4": 0.0958703834722654,
    "rrmse": 0.6237463842489199
}