{
    "rmse": 0.03539207895752754,
    "mae": 0.013915879517515585,
    "max": 3.082264445894516,
    "lp4": 9.58705019051467e-05,
    "rrmse": 0.6237465429632404
}