{
    "rmse": 0.03532830363347064,
    "mae": 0.013870334484056631,
    "max": 3.0822549508910915,
    "lp4": 9.49256842812785e-05,
    "rrmse": 0.6249598189828816
}