{
    "rmse": 0.03539206995189886,
    "mae": 0.013915886800265922,
    "max": 3.082253076408814,
    "lp4": 9.587038347226539e-05,
    "rrmse": 0.62374638424892
}