{
    "rmse": 0.03893802377382909,
    "mae": 0.014865688636247845,
    "max": 3.0339489787730733,
    "lp4": 9.388611646790155e-05,
    "rrmse": 0.6639983809942067
}