{
    "rmse": 0.03886466698660237,
    "mae": 0.014828721654007148,
    "max": 3.0339446759038187,
    "lp4": 9.296058106000624e-05,
    "rrmse": 0.6651477023706478
}