{
    "rmse": 38.937976482793275,
    "mse": 1516.166012574562,
    "mae": 14.865658303467084,
    "max": 3033.9464255104467,
    "lp4": 0.09388615568563115,
    "rrmse": 0.6639975745544294
}