{
    "rmse": 0.03893800358704465,
    "mae": 0.014865691673393277,
    "max": 3.03395613227858,
    "lp4": 9.388618162246785e-05,
    "rrmse": 0.6639980367550571
}