{
    "rmse": 38.93800358704465,
    "mse": 1516.1681233447016,
    "mae": 14.865691673393275,
    "max": 3033.95613227858,
    "lp4": 0.09388618162246784,
    "rrmse": 0.6639980367550571
}