{
    "rmse": 96.16453835290672,
    "mse": 9247.618436627667,
    "mae": 59.62822655555979,
    "max": 3499.0402454744394,
    "lp4": 0.12827817167397298,
    "rrmse": 0.14219578969451255
}