{
    "rmse": 0.09616474089964444,
    "mae": 0.05962828267815297,
    "max": 3.4991229369424213,
    "lp4": 0.00012827846579327847,
    "rrmse": 0.142196089194659
}