{
    "rmse": 0.09616467175526676,
    "mae": 0.05962824976983675,
    "max": 3.4991072565706323,
    "lp4": 0.00012827891399234633,
    "rrmse": 0.14219598695281854
}