{
    "rmse": 96.16467175526677,
    "mse": 9247.6440937982,
    "mae": 59.62824976983676,
    "max": 3499.107256570632,
    "lp4": 0.12827891399234634,
    "rrmse": 0.14219598695281854
}