{
    "rmse": 0.0994645681489503,
    "mae": 0.06045749788958461,
    "max": 3.4990225667505643,
    "lp4": 0.00013215746471902998,
    "rrmse": 0.14623146269556625
}