{
    "all": {
        "vib": 0.0018329532123555876,
        "rot": 0.009547472844996126,
        "trans": 0.012987171730998351
    },
    "trans": {
        "vib": 0.0025173472328560336,
        "rot": 0.005201385117386988,
        "trans": 0.020280366758679023
    },
    "rot": {
        "vib": 0.0024597736679318936,
        "rot": 0.014563294692439412,
        "trans": 0.02450176414100634
    },
    "vib": {
        "vib": 0.00496301391297061,
        "rot": 0.006768566481721478,
        "trans": 0.010170607652710457
    }
}