{
    "all": {
        "vib": 0.0018469672068701217,
        "rot": 0.009547472844996126,
        "trans": 0.01301403850241778
    },
    "trans": {
        "vib": 0.0025272972219187026,
        "rot": 0.005182367255897425,
        "trans": 0.02028036675867903
    },
    "rot": {
        "vib": 0.0024646062291655535,
        "rot": 0.014576766750434254,
        "trans": 0.02450176414100634
    },
    "vib": {
        "vib": 0.0049714400826021375,
        "rot": 0.006749971518859622,
        "trans": 0.01018171093617407
    }
}