{
    "all": {
        "vib": 0.0018846577699854598,
        "rot": 0.009637416950432425,
        "trans": 0.013270584154980718
    },
    "trans": {
        "vib": 0.0026663378259049017,
        "rot": 0.00473978905743694,
        "trans": 0.01909202888814976
    },
    "rot": {
        "vib": 0.002483204994608241,
        "rot": 0.0142317017778589,
        "trans": 0.022711939487876483
    },
    "vib": {
        "vib": 0.004930438299357892,
        "rot": 0.007115618623571535,
        "trans": 0.010729243323948992
    }
}