{
    "all": {
        "vib": 1.8469672068701158e-06,
        "rot": 9.547472844996138e-06,
        "trans": 1.3014038502417777e-05
    },
    "trans": {
        "vib": 2.5272972219187172e-06,
        "rot": 5.182367255897404e-06,
        "trans": 2.028036675867901e-05
    },
    "rot": {
        "vib": 2.4646062291655498e-06,
        "rot": 1.4576766750434267e-05,
        "trans": 2.450176414100641e-05
    },
    "vib": {
        "vib": 4.971440082602143e-06,
        "rot": 6.749971518859644e-06,
        "trans": 1.0181710936174136e-05
    }
}