{
    "all": {
        "vib": 1.8469672068701136e-06,
        "rot": 9.547472844996138e-06,
        "trans": 1.3027471888127483e-05
    },
    "trans": {
        "vib": 2.517347232856043e-06,
        "rot": 5.1918761866421814e-06,
        "trans": 2.028036675867902e-05
    },
    "rot": {
        "vib": 2.4597736679318904e-06,
        "rot": 1.4576766750434267e-05,
        "trans": 2.4501764141006413e-05
    },
    "vib": {
        "vib": 4.954587743339083e-06,
        "rot": 6.749971518859644e-06,
        "trans": 1.0181710936174136e-05
    }
}