{
    "rmse": 0.0004906151344933629,
    "mae": 0.00025486943159199886,
    "max": 0.003064085220598301,
    "lp4": 6.211881456246001e-06,
    "rrmse": 0.30304860129630173
}