{
    "rmse": 23.523090072652877,
    "mae": 10.074760759470289,
    "max": 64.81396165250044,
    "lp4": 1.2469261291916163,
    "rrmse": 5.283126912532894
}