{
    "rmse": 0.24259556446152147,
    "mae": 0.07909677537170103,
    "max": 7.671206949101485,
    "lp4": 0.0002987142757253049,
    "rrmse": 0.3297676148630871
}