{
    "rmse": 0.0023870629909457986,
    "mae": 0.001613275890394265,
    "max": 0.010055164415665983,
    "lp4": 0.0001290564114401598,
    "rrmse": 0.272306531986782
}