{
    "rmse": 0.0014628943175915483,
    "mae": 0.0007006179490446745,
    "max": 0.01097245990506224,
    "lp4": 1.9952647164886305e-05,
    "rrmse": 0.26507093592239045
}