{
    "rmse": 0.032870723074474674,
    "mae": 0.011818063768396904,
    "max": 3.0565492041535225,
    "lp4": 9.440817390621436e-05,
    "rrmse": 0.5814850708823007
}