{
    "rmse": 0.03291379421821702,
    "mae": 0.011843040971708066,
    "max": 3.056567472234346,
    "lp4": 9.534811626902031e-05,
    "rrmse": 0.5800694947604896
}