{
    "rmse": 32.913794218217014,
    "mse": 1083.3178498391358,
    "mae": 11.843040971708067,
    "max": 3056.567472234346,
    "lp4": 0.0953481162690203,
    "rrmse": 0.5800694947604895
}