{
    "rmse": 0.03291378218855123,
    "mae": 0.011843032969461096,
    "max": 3.0565498700950844,
    "lp4": 9.534776551154881e-05,
    "rrmse": 0.5800692827508347
}