{
    "rmse": 32.913779341718076,
    "mse": 1083.3168705553078,
    "mae": 11.84304844345782,
    "max": 3056.535921008038,
    "lp4": 0.09534749377123107,
    "rrmse": 0.5800692325785252
}