{
    "rmse": 0.03556483005846668,
    "mae": 0.01278218229852547,
    "max": 3.00424496581546,
    "lp4": 9.222200465012572e-05,
    "rrmse": 0.6086727825751458
}