{
    "rmse": 35.610376682541485,
    "mse": 1268.0989274724946,
    "mae": 12.798612239041066,
    "max": 3004.2507436513524,
    "lp4": 0.09314021829400436,
    "rrmse": 0.6072530183130084
}