{
    "rmse": 0.03561047753848682,
    "mae": 0.012798633340455341,
    "max": 3.004259458630517,
    "lp4": 9.314040715166665e-05,
    "rrmse": 0.6072547381790397
}