{
    "rmse": 0.0356104206381721,
    "mae": 0.012798633639539831,
    "max": 3.0042643171414554,
    "lp4": 9.314047171387034e-05,
    "rrmse": 0.6072537678751262
}