{
    "rmse": 35.6104206381721,
    "mse": 1268.1020580275533,
    "mae": 12.798633639539831,
    "max": 3004.2643171414556,
    "lp4": 0.09314047171387034,
    "rrmse": 0.6072537678751262
}