{
    "rmse": 0.0764132957685731,
    "mae": 0.040402672739981174,
    "max": 3.481319810879457,
    "lp4": 0.00012566620790454902,
    "rrmse": 0.11299018454284687
}