{
    "rmse": 76.4132957685731,
    "mse": 5838.991770215431,
    "mae": 40.40267273998117,
    "max": 3481.3198108794572,
    "lp4": 0.12566620790454902,
    "rrmse": 0.11299018454284687
}