{
    "rmse": 76.4131519079547,
    "mse": 5838.969784508162,
    "mae": 40.40270853703995,
    "max": 3481.26554979551,
    "lp4": 0.1256627952427065,
    "rrmse": 0.11298997182020931
}