{
    "rmse": 0.07730083721952616,
    "mae": 0.04075501143762432,
    "max": 3.481284600673145,
    "lp4": 0.00012506532149574883,
    "rrmse": 0.11364664527850238
}