{
    "rmse": 0.0764134977034776,
    "mae": 0.04040285278254241,
    "max": 3.481317712750193,
    "lp4": 0.00012566647893625833,
    "rrmse": 0.11299048313829282
}