{
    "all": {
        "vib": 0.0013803604299808506,
        "rot": 0.010293712101846401,
        "trans": 0.01563606907484319
    },
    "trans": {
        "vib": 0.0026267971125454297,
        "rot": 0.006656251521336146,
        "trans": 0.024171065946953074
    },
    "rot": {
        "vib": 0.0014960642558454892,
        "rot": 0.01472495938837768,
        "trans": 0.025995981219598535
    },
    "vib": {
        "vib": 0.00396029972681865,
        "rot": 0.007884264253433807,
        "trans": 0.012924221951697522
    }
}