{
    "all": {
        "vib": 0.001362024010989403,
        "rot": 0.010408844913770286,
        "trans": 0.0158665641965945
    },
    "trans": {
        "vib": 0.002798329492230074,
        "rot": 0.006121014337677904,
        "trans": 0.022978091440265677
    },
    "rot": {
        "vib": 0.0015578538741781995,
        "rot": 0.01435121008769843,
        "trans": 0.024174514421588734
    },
    "vib": {
        "vib": 0.003996074357686012,
        "rot": 0.00822944767072828,
        "trans": 0.013433540309288599
    }
}