{
    "all": {
        "vib": 1.3850317614856927e-06,
        "rot": 1.0304686208564765e-05,
        "trans": 1.562263602580984e-05
    },
    "trans": {
        "vib": 2.6317721070767654e-06,
        "rot": 6.6467425905913645e-06,
        "trans": 2.4171065946953027e-05
    },
    "rot": {
        "vib": 1.486762735193345e-06,
        "rot": 1.4724959388377678e-05,
        "trans": 2.5995981219598605e-05
    },
    "vib": {
        "vib": 3.968725896450185e-06,
        "rot": 7.884264253433848e-06,
        "trans": 1.2902015384770243e-05
    }
}