{
    "all": {
        "vib": 1.380360429980847e-06,
        "rot": 1.029371210184639e-05,
        "trans": 1.5636069074843255e-05
    },
    "trans": {
        "vib": 2.62679711254543e-06,
        "rot": 6.656251521336123e-06,
        "trans": 2.417106594695303e-05
    },
    "rot": {
        "vib": 1.4960642558454922e-06,
        "rot": 1.4724959388377678e-05,
        "trans": 2.5995981219598605e-05
    },
    "vib": {
        "vib": 3.9602997268186566e-06,
        "rot": 7.884264253433843e-06,
        "trans": 1.2924221951697554e-05
    }
}