{
    "all": {
        "vib": 0.0013803604299808528,
        "rot": 0.010315660315283179,
        "trans": 0.015595769927743086
    },
    "trans": {
        "vib": 0.002636747101608102,
        "rot": 0.006646742590591393,
        "trans": 0.02417106594695307
    },
    "rot": {
        "vib": 0.0014915737370921923,
        "rot": 0.014724959388377683,
        "trans": 0.025995981219598535
    },
    "vib": {
        "vib": 0.0039602997268186535,
        "rot": 0.007884264253433814,
        "trans": 0.012902015384770222
    }
}