{
    "epoch": 1023.0,
    "epoch_time": 0.1024456024169921,
    "train_energy_mae": 1.7110362905372836,
    "train_forces_mae": 0.0674083612327643,
    "train_forces_mse": 0.0128588989156724,
    "train_loss": 0.1543822580360022,
    "val_energy_mae": 1.0173963227804053,
    "val_forces_mae": 0.0632468492221977,
    "val_forces_mse": 0.011717804099058,
    "val_loss": 0.1406217632707252
}