{
    "epoch": 4095.0,
    "epoch_time": 0.0956411361694336,
    "train_energy_mae": 1.938840502819403,
    "train_forces_mae": 0.0701612245302553,
    "train_forces_mse": 0.0148930029211503,
    "train_loss": 0.1791207849103195,
    "val_energy_mae": 0.8162835307973637,
    "val_forces_mae": 0.0702659462008591,
    "val_forces_mse": 0.0188454942966324,
    "val_loss": 0.2261528024851817
}