{
    "epoch": 2047.0,
    "epoch_time": 2.4806230068206787,
    "train_energy_mae": 0.5514424538519052,
    "train_forces_mae": 0.0360342263703175,
    "train_loss": 0.0598736465522747,
    "train_stress_mae": 5.451833301755404,
    "val_energy_mae": 0.4762855098594445,
    "val_forces_mae": 0.0425843516261246,
    "val_loss": 0.1009750279406837,
    "val_stress_mae": 5.297633166627583
}