{
    "rmse": 0.032972549343391444,
    "mae": 0.011935608191296734,
    "max": 3.0742345278808663,
    "lp4": 9.465512103761238e-05,
    "rrmse": 0.5832863837120975
}