{
    "rmse": 33.016391762498564,
    "mse": 1090.082125014783,
    "mae": 11.961625864486578,
    "max": 3074.227119160343,
    "lp4": 0.09559721395462235,
    "rrmse": 0.5818776638606695
}