{
    "rmse": 33.01631906780698,
    "mse": 1090.077324787235,
    "mae": 11.961607629941366,
    "max": 3074.2205425552916,
    "lp4": 0.09559704752638908,
    "rrmse": 0.581876382696525
}