{
    "rmse": 0.03301634241646979,
    "mae": 0.011961610505112444,
    "max": 3.0742348623941536,
    "lp4": 9.559721771623042e-05,
    "rrmse": 0.5818767941910779
}