{
    "rmse": 0.03301639176249856,
    "mae": 0.011961625864486581,
    "max": 3.074227119160343,
    "lp4": 9.559721395462236e-05,
    "rrmse": 0.5818776638606695
}