{
    "rmse": 0.03576317685882308,
    "mae": 0.012920314365917982,
    "max": 2.99740859351015,
    "lp4": 9.296132966107981e-05,
    "rrmse": 0.6098586736553528
}