{
    "rmse": 0.03576320761029953,
    "mae": 0.012920315911062507,
    "max": 2.9974116720062436,
    "lp4": 9.296148594356693e-05,
    "rrmse": 0.6098591980510102
}