{
    "rmse": 35.76317685882308,
    "mse": 1279.0048190354587,
    "mae": 12.920314365917985,
    "max": 2997.4085935101502,
    "lp4": 0.09296132966107981,
    "rrmse": 0.6098586736553527
}