{
    "rmse": 0.03571639048712059,
    "mae": 0.012902732592103177,
    "max": 2.9974167432736856,
    "lp4": 9.204541354332253e-05,
    "rrmse": 0.6112666571328309
}