{
    "rmse": 35.76323233162948,
    "mse": 1279.0087868061082,
    "mae": 12.920319298129469,
    "max": 2997.4120205455783,
    "lp4": 0.0929613154967804,
    "rrmse": 0.6098596196163972
}