{
    "rmse": 0.07662138440622043,
    "mae": 0.04046213339340476,
    "max": 3.477835744004354,
    "lp4": 0.00012555793016657152,
    "rrmse": 0.11329787934036288
}