{
    "rmse": 76.62173819421538,
    "mse": 5870.890763902885,
    "mae": 40.46238008663854,
    "max": 3477.8322344412354,
    "lp4": 0.12555816166931089,
    "rrmse": 0.1132984024766893
}