{
    "rmse": 0.07662173819421537,
    "mae": 0.04046238008663854,
    "max": 3.477832234441235,
    "lp4": 0.0001255581616693109,
    "rrmse": 0.1132984024766893
}