{
    "rmse": 76.62148273095326,
    "mse": 5870.851615889769,
    "mae": 40.46221230259628,
    "max": 3477.834757996331,
    "lp4": 0.12555786206940459,
    "rrmse": 0.1132980247303712
}