{
    "rmse": 0.07743287131398813,
    "mae": 0.04089211526112425,
    "max": 3.47784484660103,
    "lp4": 0.0001246478610010345,
    "rrmse": 0.11384076001823507
}