{
    "all": {
        "vib": 0.0013358237879097475,
        "rot": 0.010677805836989898,
        "trans": 0.015971895300677483
    },
    "trans": {
        "vib": 0.002656647079733444,
        "rot": 0.007416965980917415,
        "trans": 0.023729446086629385
    },
    "rot": {
        "vib": 0.0017864022431759372,
        "rot": 0.016718823971616358,
        "trans": 0.026912887154189213
    },
    "vib": {
        "vib": 0.0039058999414760204,
        "rot": 0.009139424246610175,
        "trans": 0.012491193896614888
    }
}