{
    "all": {
        "vib": 0.0013361092772524365,
        "rot": 0.010767395938983668,
        "trans": 0.01622565659668506
    },
    "trans": {
        "vib": 0.002823858744564575,
        "rot": 0.006892087161023309,
        "trans": 0.022536471579941986
    },
    "rot": {
        "vib": 0.0017924316655818315,
        "rot": 0.016355686134883838,
        "trans": 0.025132753171262276
    },
    "vib": {
        "vib": 0.003841427036210673,
        "rot": 0.009481354698937475,
        "trans": 0.01301580337659385
    }
}