{
    "all": {
        "vib": 1.3358237879097472e-06,
        "rot": 1.0699754050426666e-05,
        "trans": 1.5985328349710865e-05
    },
    "trans": {
        "vib": 2.6715720633274565e-06,
        "rot": 7.426474911662163e-06,
        "trans": 2.3697210069445055e-05
    },
    "rot": {
        "vib": 1.781428819546859e-06,
        "rot": 1.6718823971616406e-05,
        "trans": 2.692986689371874e-05
    },
    "vib": {
        "vib": 3.914019255685752e-06,
        "rot": 9.139424246610226e-06,
        "trans": 1.2491193896614899e-05
    }
}