{
    "all": {
        "vib": 1.3311523393230572e-06,
        "rot": 1.0699754050426666e-05,
        "trans": 1.5971895300677484e-05
    },
    "trans": {
        "vib": 2.6566470797334445e-06,
        "rot": 7.426474911662163e-06,
        "trans": 2.3713328078037225e-05
    },
    "rot": {
        "vib": 1.7767368784689022e-06,
        "rot": 1.6718823971616406e-05,
        "trans": 2.6878927675130367e-05
    },
    "vib": {
        "vib": 3.930872017323789e-06,
        "rot": 9.167316690903018e-06,
        "trans": 1.2480090613151259e-05
    }
}