{
    "all": {
        "vib": 0.001331152339323057,
        "rot": 0.01069975405042668,
        "trans": 0.015971895300677483
    },
    "trans": {
        "vib": 0.0026566470797334436,
        "rot": 0.007426474911662208,
        "trans": 0.023713328078037225
    },
    "rot": {
        "vib": 0.001776736878468905,
        "rot": 0.016718823971616358,
        "trans": 0.026878927675130313
    },
    "vib": {
        "vib": 0.0039308720173237815,
        "rot": 0.009167316690902993,
        "trans": 0.012480090613151237
    }
}