{
    "rmse": 3.551569504115335,
    "mae": 2.5614093472933748,
    "max": 7.68111032780871,
    "lp4": 0.42628470304758365,
    "rrmse": 0.2291956149840306
}