{
    "rmse": 2.11297558614862,
    "mae": 1.5586559781160758,
    "max": 4.875427110273449,
    "lp4": 0.3007547823327148,
    "rrmse": 0.12220358154258663
}