{
    "rmse": 0.47053533828627053,
    "mae": 0.22411820107803462,
    "max": 4.442073729409218,
    "lp4": 0.0009908150190601585,
    "rrmse": 0.7017317070584108
}