{
    "rmse": 0.17771568280258934,
    "mae": 0.09167266924786123,
    "max": 3.4268358272144024,
    "lp4": 0.0006409451670290734,
    "rrmse": 0.4481091211423218
}