{
    "mean": 0.052625462214972316,
    "std": 0.03193045804696151,
    "max": 0.4338558446222519
}