{
    "epoch": 2047.0,
    "epoch_time": 2.474606275558472,
    "train_energy_mae": 0.4995344898736077,
    "train_forces_mae": 0.0368448705677388,
    "train_loss": 0.063219803504558,
    "train_stress_mae": 6.388180536595058,
    "val_energy_mae": 0.3930118639165448,
    "val_forces_mae": 0.0428542183845864,
    "val_loss": 0.1016100471313691,
    "val_stress_mae": 6.164980940827469
}