{
    "rmse": 0.026052852884955013,
    "mae": 0.011648549666432298,
    "max": 0.6215626618144998,
    "lp4": 8.625097670248107e-05,
    "rrmse": 0.36102054694839447
}