{
    "rmse": 0.026553510260565523,
    "mae": 0.011437701907068163,
    "max": 0.3888074796709104,
    "lp4": 7.651106856601932e-05,
    "rrmse": 0.33915967683431486
}