{
    "rmse": 0.1375933107142128,
    "mae": 0.0728542587211465,
    "max": 4.306414916581037,
    "lp4": 0.0005105674074895567,
    "rrmse": 0.260903954041474
}