{
    "all": {
        "vib": 0.0020468673080712117,
        "rot": 0.009531171008991552,
        "trans": 0.010379856755501082
    },
    "trans": {
        "vib": 0.002266701598335365,
        "rot": 0.006239734008901925,
        "trans": 0.01867633919023173
    },
    "rot": {
        "vib": 0.0023001181454190855,
        "rot": 0.018513444426436806,
        "trans": 0.01379680133138212
    },
    "vib": {
        "vib": 0.004167648931098439,
        "rot": 0.013021878503676199,
        "trans": 0.008929897906825423
    }
}