{
    "rmse": 24.52082390634387,
    "mse": 601.270805045925,
    "mae": 10.955040146240947,
    "max": 823.7298734743256,
    "lp4": 0.03465344561567874,
    "rrmse": 0.5668971763636413
}