{
    "rmse": 35.23811271800361,
    "mse": 1241.724587926728,
    "mae": 17.54181213781951,
    "max": 896.0280447836238,
    "lp4": 0.03902858386782726,
    "rrmse": 0.8146702850001628
}