{
    "rmse": 34.82823574200007,
    "mse": 1213.006004900331,
    "mae": 17.244451827378082,
    "max": 901.374056333251,
    "lp4": 0.03904100533594693,
    "rrmse": 0.8051943350385972
}