{
    "rmse": 37.874281438702404,
    "mse": 1434.4611944980372,
    "mae": 17.07246944728357,
    "max": 1218.1031864809618,
    "lp4": 0.045141448963296534,
    "rrmse": 0.8234432910433176
}