{
    "rmse": 38.14183646755393,
    "mse": 1454.7996891176267,
    "mae": 17.252832685505357,
    "max": 1226.2013327804013,
    "lp4": 0.04530098448201028,
    "rrmse": 0.8292603358854557
}