{
    "rmse": 27.92100367071059,
    "mse": 779.5824459798342,
    "mae": 11.766154532968931,
    "max": 977.6561773797017,
    "lp4": 0.0379499123139292,
    "rrmse": 0.6070442072690628
}