{
    "rmse": 126.41332334523283,
    "mse": 15980.328319186387,
    "mae": 74.56083801456678,
    "max": 1612.591969610962,
    "lp4": 0.11658613994716914,
    "rrmse": 0.15308467400138145
}