{
    "rmse": 126.2651483086505,
    "mse": 15942.887677405506,
    "mae": 76.3308367879824,
    "max": 1596.8601994740218,
    "lp4": 0.11507721489936995,
    "rrmse": 0.15290523621294203
}