{
    "rmse": 56.44325063511985,
    "mse": 3185.8405422589576,
    "mae": 34.78780492076799,
    "max": 1407.5611831534154,
    "lp4": 0.060703181128292844,
    "rrmse": 0.06835194577915062
}