{
    "all": {
        "vib": 1.2620043779646916e-06,
        "rot": 3.53241923403957e-05,
        "trans": 4.163320237514469e-05
    },
    "trans": {
        "vib": 2.463306746873665e-06,
        "rot": 3.4870165961122676e-05,
        "trans": 4.925669619698277e-05
    },
    "rot": {
        "vib": 2.5754209948572707e-06,
        "rot": 4.1953705398221276e-05,
        "trans": 3.270934989392877e-05
    },
    "vib": {
        "vib": 2.8640413540070006e-06,
        "rot": 5.580116031660457e-05,
        "trans": 2.172781790989362e-05
    }
}