{
    "all": {
        "vib": 2.105182742828326e-06,
        "rot": 0.00011734171965819271,
        "trans": 0.0001230615910041495
    },
    "trans": {
        "vib": 2.368271694084893e-06,
        "rot": 0.0001040341315038456,
        "trans": 0.0001468475363671582
    },
    "rot": {
        "vib": 2.467626849824279e-06,
        "rot": 0.00014132028750983488,
        "trans": 0.00010920286893721109
    },
    "vib": {
        "vib": 4.015306037065211e-06,
        "rot": 0.00018368969425082448,
        "trans": 6.60681792493652e-05
    }
}