{
    "all": {
        "vib": 2.088062593671143e-06,
        "rot": 0.0001187105796412436,
        "trans": 0.0001270368351734396
    },
    "trans": {
        "vib": 2.917207919027393e-06,
        "rot": 0.00010428629179488678,
        "trans": 0.00014712244078695703
    },
    "rot": {
        "vib": 2.644859993956624e-06,
        "rot": 0.0001428532794416072,
        "trans": 0.00011313976481870753
    },
    "vib": {
        "vib": 4.210979422155315e-06,
        "rot": 0.00018880523560819317,
        "trans": 6.74733315453344e-05
    }
}