{
    "mean": 0.2557378907769534,
    "std": 0.11147910345530795,
    "max": 0.6291517403515172
}