{
    "rmse": 0.0001750963002766883,
    "mae": 8.794538177092341e-05,
    "max": 0.0016286820171787543,
    "lp4": 4.1874944507930085e-06,
    "rrmse": 0.1432420228973425
}