{
    "rmse": 10.23091824238188,
    "mae": 9.183713400144478,
    "max": 14.7189781584093,
    "lp4": 0.6029096505800592,
    "rrmse": 1.4836462772973829
}