{
    "rmse": 0.11139700544677002,
    "mae": 0.06374901114182116,
    "max": 1.2892459323144831,
    "lp4": 0.0001422230203678657,
    "rrmse": 0.18003693049895433
}