{
    "rmse": 0.0036044670346817814,
    "mae": 0.0025717086702952106,
    "max": 0.013354588028366983,
    "lp4": 0.00030681951528649246,
    "rrmse": 0.62541047771214
}