{
    "rmse": 0.002088393221850986,
    "mae": 0.0009003982767405599,
    "max": 0.014386294195104909,
    "lp4": 4.5271232701245725e-05,
    "rrmse": 0.5888884778664967
}