{
    "epoch": 2047.0,
    "epoch_time": 2.826277732849121,
    "train_energy_mae": 0.5941045396846726,
    "train_forces_mae": 0.0367602950377041,
    "train_loss": 0.0610213359434931,
    "train_stress_mae": 6.448074441460164,
    "val_energy_mae": 0.4589634046768064,
    "val_forces_mae": 0.04361953685826,
    "val_loss": 0.10458825866888,
    "val_stress_mae": 6.237813442383558
}