{
    "epoch": 2047.0,
    "epoch_time": 2.67038631439209,
    "train_energy_mae": 0.5936173491715608,
    "train_forces_mae": 0.0367753838808362,
    "train_loss": 0.060527024876678,
    "train_stress_mae": 6.67470201429365,
    "val_energy_mae": 0.4472565326849387,
    "val_forces_mae": 0.044093545980063,
    "val_loss": 0.1081829231475576,
    "val_stress_mae": 6.440870447959636
}