{
    "rmse": 34.55385240610822,
    "mse": 1193.9687161031106,
    "mae": 13.26118642915788,
    "max": 3080.2019304199434,
    "lp4": 0.09607231215660762,
    "rrmse": 0.6089737200868212
}