{
    "rmse": 34.55402790195604,
    "mse": 1193.9808442491565,
    "mae": 13.261300463572042,
    "max": 3080.18376393952,
    "lp4": 0.09607247709689751,
    "rrmse": 0.6089768130085033
}