{
    "rmse": 0.03455402790195603,
    "mae": 0.01326130046357204,
    "max": 3.0801837639395195,
    "lp4": 9.607247709689751e-05,
    "rrmse": 0.6089768130085031
}