{
    "rmse": 0.03449721764829461,
    "mae": 0.013222227457795575,
    "max": 3.0802305938521544,
    "lp4": 9.512616992327749e-05,
    "rrmse": 0.6102578578515597
}