{
    "rmse": 0.03455391610451963,
    "mae": 0.013261192041712933,
    "max": 3.0801953159185382,
    "lp4": 9.607252467153956e-05,
    "rrmse": 0.6089748427014028
}