{
    "rmse": 37.675187585154724,
    "mse": 1419.4197595765966,
    "mae": 14.106840503068998,
    "max": 3027.287854111356,
    "lp4": 0.09342581432190729,
    "rrmse": 0.6424636161686672
}