{
    "rmse": 37.675202859288795,
    "mse": 1419.4209104885629,
    "mae": 14.10688143153593,
    "max": 3027.275599881938,
    "lp4": 0.09342543054068664,
    "rrmse": 0.642463876633871
}