{
    "rmse": 0.0376752028592888,
    "mae": 0.014106881431535928,
    "max": 3.027275599881938,
    "lp4": 9.342543054068663e-05,
    "rrmse": 0.642463876633871
}