{
    "rmse": 0.03767507835171708,
    "mae": 0.014106879237707686,
    "max": 3.027262187337043,
    "lp4": 9.342499902128381e-05,
    "rrmse": 0.642461753443785
}