{
    "rmse": 0.03761217862736091,
    "mae": 0.01407746071785197,
    "max": 3.0272826174767498,
    "lp4": 9.250469631687305e-05,
    "rrmse": 0.6437120432234171
}