{
    "rmse": 93.36828470409756,
    "mse": 8717.636588585417,
    "mae": 55.57222979969748,
    "max": 3496.374171922165,
    "lp4": 0.12738756479055557,
    "rrmse": 0.13806104831698515
}