{
    "rmse": 0.09336833846124931,
    "mae": 0.05557250674540552,
    "max": 3.496341252218069,
    "lp4": 0.00012738560563248542,
    "rrmse": 0.13806112780616878
}