{
    "rmse": 0.09336868482265327,
    "mae": 0.055572312074493604,
    "max": 3.4963432745338854,
    "lp4": 0.00012738683373467657,
    "rrmse": 0.13806163996100465
}