{
    "rmse": 0.09695794288512091,
    "mae": 0.056421070132087386,
    "max": 3.4963569640177474,
    "lp4": 0.00013268959920081897,
    "rrmse": 0.1425462561382873
}