{
    "rmse": 93.36868482265326,
    "mse": 8717.711305511963,
    "mae": 55.57231207449359,
    "max": 3496.3432745338855,
    "lp4": 0.12738683373467655,
    "rrmse": 0.13806163996100462
}