{
    "all": {
        "vib": 1.7096644809651104e-06,
        "rot": 1.2049569176788196e-05,
        "trans": 1.6777878242679738e-05
    },
    "trans": {
        "vib": 2.462622293011346e-06,
        "rot": 8.71018056220555e-06,
        "trans": 2.6208226144853675e-05
    },
    "rot": {
        "vib": 2.4307783005299514e-06,
        "rot": 1.8497135626937394e-05,
        "trans": 1.9526700458875533e-05
    },
    "vib": {
        "vib": 3.985578235713242e-06,
        "rot": 1.0580533868405311e-05,
        "trans": 1.1902719873041073e-05
    }
}