{
    "all": {
        "vib": 0.001771317556764466,
        "rot": 0.012092948214014961,
        "trans": 0.01701033998947559
    },
    "trans": {
        "vib": 0.002621711013917858,
        "rot": 0.008194055621483454,
        "trans": 0.024983035011067512
    },
    "rot": {
        "vib": 0.0024784203992429055,
        "rot": 0.018185744638100583,
        "trans": 0.01778625609043175
    },
    "vib": {
        "vib": 0.003996074357686016,
        "rot": 0.010880544906936034,
        "trans": 0.012433170286256456
    }
}