{
    "all": {
        "vib": 0.0017190069098228424,
        "rot": 0.012027620963351434,
        "trans": 0.016777878242679706
    },
    "trans": {
        "vib": 0.002452672303948666,
        "rot": 0.008729198423695118,
        "trans": 0.026176009517754912
    },
    "rot": {
        "vib": 0.0024597736679318953,
        "rot": 0.01851060768493222,
        "trans": 0.019509720719346004
    },
    "vib": {
        "vib": 0.004019282914239352,
        "rot": 0.010599128831267181,
        "trans": 0.011902719873041034
    }
}