{
    "all": {
        "vib": 1.7283493386805764e-06,
        "rot": 1.2027620963351424e-05,
        "trans": 1.6777878242679738e-05
    },
    "trans": {
        "vib": 2.4526723039486717e-06,
        "rot": 8.719689492950348e-06,
        "trans": 2.6176009517754892e-05
    },
    "rot": {
        "vib": 2.41628061682898e-06,
        "rot": 1.8497135626937398e-05,
        "trans": 1.9475761240287137e-05
    },
    "vib": {
        "vib": 4.002430574976299e-06,
        "rot": 1.0580533868405308e-05,
        "trans": 1.1880513306113714e-05
    }
}