{
    "all": {
        "vib": 0.001709664480965109,
        "rot": 0.012049569176788216,
        "trans": 0.016777878242679706
    },
    "trans": {
        "vib": 0.0024626222930113385,
        "rot": 0.008710180562205596,
        "trans": 0.02620822614485368
    },
    "rot": {
        "vib": 0.002430778300529947,
        "rot": 0.01849713562693738,
        "trans": 0.019526700458875442
    },
    "vib": {
        "vib": 0.003985578235713239,
        "rot": 0.010580533868405299,
        "trans": 0.011902719873041034
    }
}